Track URI,Track Name,Album Name,Artist Name(s),Release Date,Duration (ms),Popularity,Explicit,Added By,Added At,Genres,Record Label,Danceability,Energy,Key,Loudness,Mode,Speechiness,Acousticness,Instrumentalness,Liveness,Valence,Tempo,Time Signature
spotify:track:5yGTQzYbEdY6B9RFZJypgt,"Rhythm Of The Night","Rhythm Of The Night","DeBarge",1985,229106,64,false,jd0b7ordx7wxotdeb3uohqwyc,2023-04-22T14:36:40Z,"quiet storm","UNI/MOTOWN",0.707,0.759,11,-12.328,0,0.046,0.0769,0.0000284,0.0775,0.955,115.142,4
spotify:track:2m1hi0nfMR9vdGC8UcrnwU,"All The Small Things","Enema Of The State","blink-182",1999-06-01,167066,82,false,jd0b7ordx7wxotdeb3uohqwyc,2023-04-22T14:36:40Z,"pop punk,punk,rock,skate punk,emo","Geffen",0.434,0.897,0,-4.918,1,0.0488,0.0103,0,0.612,0.685,148.708,4
spotify:track:1yU51sZHtxvZHlni32lgxM,"Dom andra","Vapen & ammunition","kent",2002-04-15,226773,55,false,jd0b7ordx7wxotdeb3uohqwyc,2023-04-22T14:36:40Z,"swedish pop","RCA Records Label",0.527,0.871,10,-7.013,0,0.0663,0.0053,0.000339,0.103,0.402,103.015,4
spotify:track:4QZ6hp2CKRaZG5RI9zXQqg,"Eloise","Eloise","Arvingarna",1993-04-11,188000,50,false,jd0b7ordx7wxotdeb3uohqwyc,2023-04-22T14:36:40Z,"dansband,swedish pop","Rockmåsen AB",0.691,0.725,7,-3.501,1,0.0272,0.297,0,0.268,0.464,132.554,4
spotify:track:1GakyY5lyvZGZXZYkk3FjS,"Butterfly","Butterfly","Crazy Town",1999-03-16,215800,47,false,jd0b7ordx7wxotdeb3uohqwyc,2023-04-22T14:36:40Z,"rap rock,nu metal","Columbia",0.739,0.791,9,-4.796,0,0.0831,0.00144,0.000157,0.115,0.631,103.494,4
spotify:track:1hlveB9M6ijHZRbzZ2teyh,"We're Not Gonna Take It","Stay Hungry","Twisted Sister",1984-05-10,219666,10,false,jd0b7ordx7wxotdeb3uohqwyc,2023-04-22T14:36:40Z,"glam metal,glam rock","Rhino Atlantic",0.502,0.924,4,-6.299,1,0.0503,0.0127,0,0.162,0.922,149.186,4
spotify:track:3ptdPgclNeffhYA0aY1Nw7,"Bandstarter","Painkiller","Brainpool",1995-01-01,195866,32,false,jd0b7ordx7wxotdeb3uohqwyc,2023-04-22T14:36:40Z,"swedish pop,power pop","Junk Music",0.539,0.721,11,-8.415,1,0.0489,0.00251,0.233,0.248,0.866,120.392,4
spotify:track:2ahnofp2LbBWDXcJbMaSTu,"What Is Love - 7"" Mix","What Is Love (Remixes)","Haddaway",1993-03-22,270373,6,false,jd0b7ordx7wxotdeb3uohqwyc,2023-04-22T14:36:40Z,"eurodance","Coconut Music",0.683,0.772,7,-7.907,0,0.0311,0.0222,0.0149,0.203,0.737,123.871,4
spotify:track:3SnGymj6ijE2iuUfWxLo1q,"I'm Coming Out","Diana","Diana Ross",1980-05-22,323346,73,false,jd0b7ordx7wxotdeb3uohqwyc,2023-04-22T14:36:40Z,"motown,disco","UNI/MOTOWN",0.72,0.828,5,-9.211,1,0.0462,0.185,0.429,0.0839,0.768,110.071,4
spotify:track:1eyq8cjUQ2daFthW2PC2GM,"Glory of Love","Solitude / Solitaire","Peter Cetera",1986,258333,75,false,jd0b7ordx7wxotdeb3uohqwyc,2023-04-22T14:36:40Z,"soft rock","Rhino/Warner Records",0.52,0.61,5,-7.935,1,0.0282,0.0805,0.00000295,0.276,0.329,144.983,4
spotify:track:29fNIVCogo4jpvKgTtIwyb,"Öppna din dörr","En kvinnas man","Tommy Nilsson",1995-12-11,333720,45,false,jd0b7ordx7wxotdeb3uohqwyc,2023-04-22T14:36:40Z,"swedish pop","Alpha Records",0.617,0.267,3,-10.852,1,0.0298,0.276,0.0036,0.135,0.132,114.926,4
spotify:track:1AETk3EwqrgVaMwlaLblfh,"Ingen vill veta var du köpt din tröja","Vi ska bara leva klart","Raymond & Maria",2004-08-18,210000,40,false,jd0b7ordx7wxotdeb3uohqwyc,2023-04-22T14:36:40Z,"swedish pop","WM Sweden",0.576,0.718,11,-6.452,1,0.0349,0.203,0,0.133,0.949,199.957,4
spotify:track:721DwsHOeKf7zHRABCR2rh,"You're the Voice","Whispering Jack","John Farnham",1986,300733,64,false,jd0b7ordx7wxotdeb3uohqwyc,2023-04-22T14:36:40Z,"","RCA Victor",0.502,0.66,10,-11.852,1,0.0394,0.393,0.000138,0.608,0.722,85.209,4
spotify:track:1dNIEtp7AY3oDAKCGg2XkH,"Something Just Like This","Something Just Like This","The Chainsmokers;Coldplay",2017-02-22,247626,73,false,jd0b7ordx7wxotdeb3uohqwyc,2023-04-22T14:36:40Z,"","Disruptor Records/Columbia",0.607,0.649,11,-6.695,0,0.0362,0.0306,0.0000246,0.174,0.505,102.996,4
spotify:track:6hmhG1b4LEyNuashVvuIAo,"Never Forget You","So Good","Zara Larsson;MNEK",2017-03-17,212574,80,false,jd0b7ordx7wxotdeb3uohqwyc,2023-04-22T14:36:40Z,"","Epic/Record Company TEN",0.583,0.732,11,-5.729,0,0.0459,0.00315,0.00000957,0.269,0.277,146.005,4
spotify:track:5IZGN81VVgBv1lPrjXzOD6,"tystnar i luren","PS jag hatar dig","Miriam Bryant;Victor Leksell",2021-11-19,193853,53,false,jd0b7ordx7wxotdeb3uohqwyc,2023-04-22T14:36:40Z,"swedish pop","WM Sweden",0.463,0.616,7,-7.166,1,0.149,0.55,0,0.446,0.695,183.76,4
spotify:track:2lWIShFroC58eaaU77tmjA,"Rosa himmel","Love & Devotion","Jonathan Johansson",2016-11-11,255040,39,false,jd0b7ordx7wxotdeb3uohqwyc,2023-04-22T14:36:40Z,"swedish pop","S:t C",0.487,0.258,2,-13.842,1,0.0316,0.785,0.0113,0.0859,0.212,144.049,4
spotify:track:4QKscNaTs47Zv3QV9o62yX,"Komplicerad","Underbart i all misär","Miss Li",2021-09-24,159378,48,false,jd0b7ordx7wxotdeb3uohqwyc,2023-04-22T14:36:40Z,"swedish pop","Pistol Packin' Music",0.934,0.488,8,-7.014,1,0.0713,0.0494,0,0.0642,0.867,116.049,4
spotify:track:1hc7CJ5YGmjVKipS0ApnOG,"Jag vill vara din, Margareta","Bella Bella","Sten & Stanley",1976-04-16,216493,40,false,jd0b7ordx7wxotdeb3uohqwyc,2023-04-22T14:36:40Z,"dansband","WM Sweden",0.391,0.904,10,-5.877,1,0.0504,0.235,0,0.0859,0.85,125.634,4
spotify:track:1ifq3DVpguU02W6Prh5T3u,"Everything's Gonna Be Alright","Sweetbox","Sweetbox",1998-03-06,194133,46,false,jd0b7ordx7wxotdeb3uohqwyc,2023-04-22T14:36:40Z,"","High Fashion Music",0.643,0.584,2,-9.073,1,0.0462,0.253,0,0.089,0.589,84.983,4
spotify:track:3YKptz29AsOlm7WAVnztBh,"Kiss from a Rose","Seal","Seal",1994-05-31,288426,77,false,jd0b7ordx7wxotdeb3uohqwyc,2023-04-22T14:36:40Z,"","Warner Records",0.584,0.533,10,-7.11,0,0.0305,0.684,0,0.306,0.224,131.745,3
spotify:track:1PuU1oIYtIaPHF0ogxWMvc,"Hiphopper (feat. Teddybears Sthlm)","Magic Villa Anniversary Edition","Thomas Rusiak;Teddybears",2016-04-22,286360,44,false,jd0b7ordx7wxotdeb3uohqwyc,2023-04-22T14:36:40Z,"","Razzia",0.625,0.86,0,-7.361,1,0.0414,0.00109,0.000022,0.353,0.559,141.926,4
spotify:track:2V65y3PX4DkRhy1djlxd9p,"Don't You Worry Child - Radio Edit","Don't You Worry Child","Swedish House Mafia;John Martin",2012-09-14,212862,83,false,jd0b7ordx7wxotdeb3uohqwyc,2023-04-22T14:36:40Z,"edm","Pophouse Entertainment Group",0.612,0.84,11,-3.145,0,0.0509,0.112,0,0.116,0.438,129.042,4
spotify:track:4NRQwaks9r58tTDvr4iEyv,"In the Midnight Hour","In the Midnight Hour","Wilson Pickett",1965,157160,60,false,jd0b7ordx7wxotdeb3uohqwyc,2023-04-22T14:36:40Z,"motown,classic soul,soul,northern soul","Rhino Atlantic",0.75,0.444,4,-8.63,1,0.0403,0.12,0.00000369,0.118,0.849,111.919,4
spotify:track:5v55pDsyrxIs6OTk3E5l69,"Rullar fram","Fridlysta frekvenser","Fronda",2007-09-19,228920,47,false,jd0b7ordx7wxotdeb3uohqwyc,2023-04-22T14:36:40Z,"epadunk","Bonnier Music",0.772,0.891,2,-3.915,0,0.109,0.269,0.00000258,0.0907,0.963,94.747,4
spotify:track:4SS4YfDAEQG0fZAe1xfgn3,"Svag","Fånga mig när jag faller","Victor Leksell",2020-06-17,191103,62,false,jd0b7ordx7wxotdeb3uohqwyc,2023-04-22T14:36:40Z,"swedish pop","Columbia",0.595,0.528,5,-8.922,0,0.0621,0.748,0,0.112,0.419,153.74,4
spotify:track:2CeqxyOZEyiL6pTDYZ9gPH,"Fever","The Best Of Peggy Lee","Peggy Lee",1988-01-01,201333,57,false,jd0b7ordx7wxotdeb3uohqwyc,2023-04-22T14:36:40Z,"vocal jazz,swing music,big band,jazz","EMI Catalogue",0.742,0.0899,9,-19.187,0,0.158,0.0906,0,0.113,0.351,137.473,4
spotify:track:7bVwUOySQGO2afJ0LArAMi,"Stad i ljus","Är","Tommy Körberg",1995-04-24,188293,62,false,jd0b7ordx7wxotdeb3uohqwyc,2023-04-22T14:36:40Z,"christmas","Ariola",0.375,0.425,7,-9.438,1,0.0294,0.687,0.00023,0.248,0.186,143.169,4
spotify:track:3No0idjeViPyWDP4gh1YGo,"Jag ska fånga en ängel","Ted","Ted Gärdestad",1973-03-01,234293,47,false,jd0b7ordx7wxotdeb3uohqwyc,2023-04-22T14:36:40Z,"swedish pop","Universal Music AB",0.608,0.769,10,-5.073,0,0.0252,0.0026,0.00000806,0.0688,0.765,106.564,4
spotify:track:1ijNH4JCOlLJz7ToxmjUeY,"Wonderchild","Paint By Numbers","Christian Walz",2004-05-17,209186,47,false,jd0b7ordx7wxotdeb3uohqwyc,2023-04-22T14:36:40Z,"swedish pop","RCA Records Label",0.525,0.765,4,-3.581,1,0.17,0.137,0,0.0789,0.847,178.957,4
spotify:track:0YWmrHLItfjD7pJ8NzlXke,"Opa Opa","Opa Opa","Antique",1999,214108,51,false,jd0b7ordx7wxotdeb3uohqwyc,2023-04-22T14:36:40Z,"laïko","Cosmos",0.721,0.938,9,-4.783,0,0.055,0.0759,0.0000385,0.0293,0.943,124.031,4
spotify:track:3UmmyFRWJq42Hrj3N0uwaS,"I samma bil","I samma bil","Bo Kaspers Orkester",2006-08-07,228906,43,false,jd0b7ordx7wxotdeb3uohqwyc,2023-04-22T14:36:40Z,"swedish pop","Columbia",0.581,0.905,9,-5.375,1,0.0406,0.00651,0.0634,0.1,0.55,105.186,4
spotify:track:1uINDFsUumg9C2Ob5dgi0v,"Inget stoppar oss nu","Den Stora Kärleken","BlackJack",1990,189466,52,false,jd0b7ordx7wxotdeb3uohqwyc,2023-04-22T14:36:40Z,"dansband,epadunk","Parlophone Sweden",0.567,0.952,2,-2.314,0,0.0382,0.461,0,0.0664,0.881,75.844,3
spotify:track:2EKzS2s2VKnbQ7jxyk2WHi,"När vi två blir en","Moderna Tider","Gyllene Tider",1981-03-10,188466,56,false,jd0b7ordx7wxotdeb3uohqwyc,2023-04-22T14:36:40Z,"swedish pop,dansband","Parlophone Sweden",0.626,0.667,9,-6.484,1,0.0739,0.17,0,0.112,0.855,89.233,4
spotify:track:4GgAm1IIj5mIUsA8ucKA0k,"Änglahund","Änglahund","Hasse Andersson",1982-01-01,311400,41,false,jd0b7ordx7wxotdeb3uohqwyc,2023-04-22T14:36:40Z,"dansband","Universal Music AB",0.594,0.465,0,-12.308,1,0.0284,0.0158,0,0.0551,0.576,89.044,4
spotify:track:1JLn8RhQzHz3qDqsChcmBl,"I Want to Know What Love Is - 1999 Remaster","Agent Provocateur","Foreigner",1984,304786,85,false,jd0b7ordx7wxotdeb3uohqwyc,2023-04-22T14:36:40Z,"aor,classic rock","Atlantic Records",0.477,0.471,6,-10.036,1,0.0277,0.193,0.00000176,0.131,0.423,81.204,4
spotify:track:0wtB7DryYLzAOkHzgwbpaB,"Popitop","Åttatreåtta (Rebalanced)","Dag Vag",1988-05-13,236480,0,false,jd0b7ordx7wxotdeb3uohqwyc,2023-04-22T14:36:40Z,"swedish pop","Silence Records",0.474,0.823,0,-10.853,1,0.11,0.0489,0.372,0.965,0.743,177.535,4
spotify:track:03UrZgTINDqvnUMbbIMhql,"Gangnam Style (강남스타일)","Gangnam Style (강남스타일)","PSY",2012-01-01,219493,76,false,jd0b7ordx7wxotdeb3uohqwyc,2023-04-22T14:36:40Z,"k-pop","Silent Records/Universal Republic Records",0.727,0.937,11,-2.871,0,0.286,0.00417,0,0.091,0.749,132.067,4
spotify:track:4Dmlg5FYyHRYipiIqXJ2fa,"Du ska va president","Kickar (Singlar 1981 - 1987)","Imperiet",1990-01-01,256760,38,false,jd0b7ordx7wxotdeb3uohqwyc,2023-04-22T14:36:40Z,"swedish pop,punk","MNW Music AB",0.66,0.493,11,-10.438,0,0.0304,0.0342,0.00000174,0.354,0.586,107.582,4
spotify:track:0jfvayR4o86rv0UwQ1g3fX,"Flytta på dej","Maraton","Alina Devecerski",2012-11-19,205880,37,false,jd0b7ordx7wxotdeb3uohqwyc,2023-04-22T14:36:40Z,"swedish pop","Parlophone Sweden",0.744,0.861,1,-3.51,0,0.0936,0.0455,0,0.321,0.689,129.88,4
spotify:track:3uhF5EBcuqqXELlszBhIOy,"Himlen runt hörnet","Himlen runt hörnet","Lisa Nilsson",1992-01-01,305413,47,false,jd0b7ordx7wxotdeb3uohqwyc,2023-04-22T14:36:40Z,"swedish pop","Diesel",0.75,0.416,1,-12.561,1,0.0615,0.229,0.0000676,0.0783,0.706,154.04,4
spotify:track:1BBIW3lDfwK9PXOFOedZmo,"This Is The Way - Radio Edit","Made In Sweden","E-Type",1994-01-01,235293,53,false,jd0b7ordx7wxotdeb3uohqwyc,2023-04-22T14:36:40Z,"eurodance,europop","Universal Music AB",0.593,0.926,0,-5.189,1,0.0312,0.00664,0.00372,0.296,0.71,141.426,4
spotify:track:1jJci4qxiYcOHhQR247rEU,"Kids","Oracular Spectacular","MGMT",2007-12-14,302840,82,false,jd0b7ordx7wxotdeb3uohqwyc,2023-04-22T14:36:40Z,"indie","Red Ink/Columbia",0.451,0.931,9,-3.871,1,0.0719,0.00076,0.0049,0.361,0.172,122.961,4
spotify:track:5D2ZobLrLLFcPoOWw5YE0e,"Lose my mind","ANDRA SIDAN ÄR NI KLARA","Myra Granberg",2021-09-10,173854,44,true,jd0b7ordx7wxotdeb3uohqwyc,2023-04-22T14:36:40Z,"swedish pop","Columbia",0.716,0.691,5,-5.848,1,0.043,0.0254,0,0.102,0.343,128.03,4
spotify:track:5MhsZlmKJG6X5kTHkdwC4B,"I'm an Albatraoz","I'm an Albatraoz","AronChupa;Little Sis Nora",2014-08-08,166848,74,true,jd0b7ordx7wxotdeb3uohqwyc,2023-04-22T14:36:40Z,"electro swing,melbourne bounce","Aron Ekberg",0.883,0.817,0,-5.414,1,0.235,0.601,0.00449,0.11,0.595,128.078,4
spotify:track:3SjXx3rbNGk8nCho8YEoz5,"Det kommer aldrig va över för mig","Det kommer aldrig va över för mig","Håkan Hellström",2013-04-17,267106,59,false,jd0b7ordx7wxotdeb3uohqwyc,2023-04-22T14:36:40Z,"swedish pop","Universal Music AB",0.552,0.872,0,-6.48,1,0.0459,0.0113,0.000032,0.507,0.469,127.027,4
spotify:track:73hiGuj0dxhA1YhmSJOcMF,"Josefin","Josefin","Albin Lee Meldau",2021-07-29,221217,57,false,jd0b7ordx7wxotdeb3uohqwyc,2023-04-22T14:36:40Z,"swedish pop","Mayfly Recordings",0.515,0.451,4,-10.118,0,0.0302,0.843,0.0572,0.161,0.468,80.965,1
spotify:track:71CFZjdSm2WSh5S6TPd69A,"Hela huset","Handen i fickan fast jag bryr mig","Veronica Maggio;Håkan Hellström",2013-01-01,213480,55,false,jd0b7ordx7wxotdeb3uohqwyc,2023-04-22T14:36:40Z,"swedish pop","Universal Music AB",0.607,0.704,11,-3.502,1,0.0326,0.342,0,0.195,0.564,114.049,4
spotify:track:4pItP9yMHJ4Klk8U6eOmLx,"Fan va bra","Fan va bra","Jakob Karlberg",2015-04-22,212925,49,false,jd0b7ordx7wxotdeb3uohqwyc,2023-04-22T14:36:40Z,"swedish pop","Epic",0.694,0.764,11,-5.489,1,0.0294,0.0336,0,0.175,0.593,125.012,4
spotify:track:2Gd0oV24QsH0zb9nKFx7s5,"Gamora","Barn av vår tid","Hov1;Einár",2021-10-01,165253,59,true,jd0b7ordx7wxotdeb3uohqwyc,2023-04-22T14:36:40Z,"swedish pop","Universal Music AB",0.648,0.733,10,-5.359,0,0.155,0.103,0,0.0652,0.836,174.849,4
spotify:track:7aleO65wxmrijCugl55XJz,"Michelangelo (Men så svara då!)","Schiffz","Björn Skifs",1975,196013,45,false,jd0b7ordx7wxotdeb3uohqwyc,2023-04-22T14:36:40Z,"","Parlophone Sweden",0.558,0.925,0,-3.83,1,0.0335,0.308,0,0.416,0.945,136.696,4
spotify:track:2i3Bqb0Nd9i2JKLRfBHvNr,"Kitty","Smash and Grab","Racey",2009-07-24,219346,29,false,jd0b7ordx7wxotdeb3uohqwyc,2023-04-22T14:36:40Z,"glam rock","Parlophone UK",0.656,0.774,2,-5.406,1,0.0473,0.00381,0.00624,0.0715,0.971,156.016,4
spotify:track:7JKEA8xYDoFp4q0QBW2PGg,"Shackles (Praise You)","Go Get It","Mary Mary",2000,198346,63,false,jd0b7ordx7wxotdeb3uohqwyc,2023-04-22T14:36:40Z,"gospel,gospel r&b","Columbia",0.779,0.834,7,-2.773,1,0.162,0.0343,0,0.0886,0.8,100.46,4
spotify:track:0W0WE17i79I4SvzNfxOES1,"Dance With Somebody - Radio Version","Dance with Somebody","Mando Diao",2009-01-01,239400,0,false,jd0b7ordx7wxotdeb3uohqwyc,2023-04-22T14:36:40Z,"swedish pop","BMG Rights Management GmbH",0.547,0.892,1,-4.254,0,0.106,0.00271,0,0.293,0.556,150.138,4
spotify:track:37dYAkMa4lzRCH6kDbMT1L,"We No Speak Americano (Edit)","We No Speak Americano","Yolanda Be Cool;DCup",2020-12-04,157438,63,false,jd0b7ordx7wxotdeb3uohqwyc,2023-04-22T14:36:40Z,"","Sweat It Out",0.902,0.805,6,-5.003,1,0.0468,0.0748,0.0823,0.0914,0.745,124.985,4
spotify:track:7mze3mJmu79AJu8SnS37pS,"Aicha","Bread & Barrels Of Water (International Version)","Outlandish",2003-04-01,275680,57,false,jd0b7ordx7wxotdeb3uohqwyc,2023-04-22T14:36:40Z,"dansk pop","RCA Records Label",0.745,0.64,2,-5.494,1,0.0526,0.21,0.000053,0.112,0.612,86.98,4
spotify:track:7DqyeESnaKCwDjgmA45UFZ,"I morgon är en annan dag","I morgon är en annan dag","Christer Björkman",1992-04-25,190000,37,false,jd0b7ordx7wxotdeb3uohqwyc,2023-04-22T14:36:40Z,"dansband,swedish pop","Columbia",0.585,0.47,9,-10.569,1,0.0271,0.645,0,0.135,0.369,84.089,4
spotify:track:3uELTbXsxWHgG4D0ORehKr,"Såklart! (feat. Eye N'I)","Bananrepubliken","Petter;Eye N'I",1999-11-12,248680,39,false,jd0b7ordx7wxotdeb3uohqwyc,2023-04-22T14:36:40Z,"swedish pop","RCA/Ricochet",0.799,0.859,11,-8.266,1,0.191,0.0234,0,0.0787,0.548,105.035,4
spotify:track:5KqldkCunQ2rWxruMEtGh0,"The Gambler","The Gambler","Kenny Rogers",1978-11-20,214880,77,false,jd0b7ordx7wxotdeb3uohqwyc,2023-04-22T14:36:40Z,"country,classic country","Capitol Nashville",0.668,0.501,4,-13.119,1,0.0629,0.342,0,0.194,0.858,87.086,4
spotify:track:1WWFP0JQVTTkhWRMSuKWXw,"Gótt å leva","En gó box","Galenskaparna & After Shave",1994,210560,0,false,jd0b7ordx7wxotdeb3uohqwyc,2023-04-22T14:36:40Z,"dansband","Kulturtuben",0.876,0.45,4,-9.25,1,0.101,0.642,0,0.0911,0.809,120.094,4
spotify:track:4rino0wsmUcK36Ro4CCrke,"Boten Anna - Radio edit","LOL (2008 yellow bonus version/no videos_France)","Basshunter",2006,207066,61,false,jd0b7ordx7wxotdeb3uohqwyc,2023-04-22T14:36:40Z,"eurodance,europop","WM Sweden",0.464,0.971,9,-5.546,0,0.26,0.0635,0.000108,0.073,0.265,140.179,4
spotify:track:5gBWGTO2prExy9yVwhUbOU,"Sakta vi gå genom stan","Ahh! Monica!","Monica Zetterlund",1962-04-03,202360,44,false,jd0b7ordx7wxotdeb3uohqwyc,2023-04-22T14:36:40Z,"jazz,vocal jazz","Universal Music AB",0.467,0.335,7,-8.586,1,0.0485,0.804,0,0.109,0.221,107.657,5
spotify:track:1i1OuCNhNf7JwrlWlFZFu1,"That's Not My Name","We Started Nothing","The Ting Tings",2007,310573,62,false,jd0b7ordx7wxotdeb3uohqwyc,2023-04-22T14:36:40Z,"alternative dance","Columbia",0.755,0.901,9,-3.152,1,0.0893,0.0451,0.0373,0.363,0.959,145.042,4
spotify:track:6pXJl6reDuhrWfGky8FJJx,"Not Forever","Popsicle","Popsicle",1996-03-05,219640,36,false,jd0b7ordx7wxotdeb3uohqwyc,2023-04-22T14:36:40Z,"swedish pop,power pop,jangle pop","WM Sweden",0.256,0.693,11,-5.109,1,0.0341,0.0095,0,0.303,0.674,154.575,4
spotify:track:4jsCgpmMyph0onXF2Sh1zC,"The Quiz","Would You Let Me Play This EP 10 Times A Day?","Hello Saferide",2006-06-04,138066,36,false,jd0b7ordx7wxotdeb3uohqwyc,2023-04-22T14:36:40Z,"swedish pop","Razzia",0.676,0.364,9,-10.251,1,0.0819,0.791,0.00132,0.278,0.721,90.542,4
spotify:track:6kWJvPfC4DgUpRsXKNa9z9,"All That She Wants","The Sign","Ace of Base",1993-12-24,211213,81,false,jd0b7ordx7wxotdeb3uohqwyc,2023-04-22T14:36:40Z,"eurodance,europop","Playground Music",0.798,0.625,11,-9.689,1,0.0548,0.00547,0.0000798,0.103,0.858,93.764,4
spotify:track:2B5o2gQLBfHvQCKa9yQcu9,"You Learn","The Burning Heart","Takida",2011-01-01,201573,51,false,jd0b7ordx7wxotdeb3uohqwyc,2023-04-22T14:36:40Z,"","Universal Music AB",0.641,0.558,2,-7.362,0,0.0287,0.824,0.00000235,0.0856,0.37,127.998,4
spotify:track:1Ujt4hi9SHiMAxyCjJd1Kk,"Younger","Pretend","Seinabo Sey",2015-10-23,213968,50,false,jd0b7ordx7wxotdeb3uohqwyc,2023-04-22T14:36:40Z,"tropical house","Universal Music AB",0.563,0.655,5,-6.707,1,0.0404,0.0216,0,0.108,0.116,113.607,4
spotify:track:4ACxa9buEUnOdYEoPcnMpi,"Your Woman","Women In Technology","White Town",1997-02-24,259893,1,false,jd0b7ordx7wxotdeb3uohqwyc,2023-04-22T14:36:40Z,"","Echo",0.815,0.605,5,-9.118,0,0.0368,0.033,0.684,0.114,0.795,102.642,4
spotify:track:3JfkNCiXjHEVkbFfCQ417E,"Erase / Rewind","Gran Turismo (Remastered)","The Cardigans",1998-01-01,218504,69,false,jd0b7ordx7wxotdeb3uohqwyc,2023-04-22T14:36:40Z,"swedish pop","Universal Music AB",0.743,0.697,11,-6.079,0,0.0276,0.000504,0.0127,0.106,0.585,103.64,4
spotify:track:46lFttIf5hnUZMGvjK0Wxo,"Runaway (U & I)","Pharmacy","Galantis",2015-06-05,227073,76,false,jd0b7ordx7wxotdeb3uohqwyc,2023-04-22T14:36:40Z,"","Big Beat Records/Atlantic",0.506,0.805,1,-4.119,1,0.0469,0.00711,0.00193,0.0856,0.383,126.008,4
spotify:track:1CuVhIZAAc8h360WoVJYhD,"För Evigt","För Evigt","Hanna Ferm",2021-04-23,156761,47,false,jd0b7ordx7wxotdeb3uohqwyc,2023-04-22T14:36:40Z,"swedish pop","Universal Music AB",0.735,0.755,0,-4.786,1,0.0614,0.0887,0,0.438,0.655,127.978,4
spotify:track:0V3wPSX9ygBnCm8psDIegu,"Anti-Hero","Midnights","Taylor Swift",2022-10-21,200690,80,false,jd0b7ordx7wxotdeb3uohqwyc,2023-04-22T14:36:40Z,"","Taylor Swift",0.633,0.648,4,-6.645,1,0.062,0.121,0.00000262,0.161,0.49,96.888,4
spotify:track:5fRvePkRGdpn2nKacG7I6d,"Coco Jamboo","We See The Same Sun","Mr. President",1996-05-17,218733,75,false,jd0b7ordx7wxotdeb3uohqwyc,2023-04-22T14:36:40Z,"eurodance","First Class Dancefloor Music",0.832,0.838,1,-5.414,0,0.0421,0.0791,0,0.152,0.965,100.021,4
spotify:track:4JLcAU2xY90qTkTSNM1lUa,"Bang Bang (My Baby Shot Me Down)","How Does That Grab You?","Nancy Sinatra",1966-01-01,162446,2,false,jd0b7ordx7wxotdeb3uohqwyc,2023-04-22T14:36:40Z,"","Boots Enterprises, Inc.",0.433,0.174,5,-18.791,0,0.0537,0.982,0.101,0.111,0.366,95.802,4
spotify:track:4EM8dAJ8WAU1nHrLfSyekW,"The Promise Man","Basic Injection","Basic Element",1994,245813,47,false,jd0b7ordx7wxotdeb3uohqwyc,2023-04-22T14:36:40Z,"eurodance,europop","Parlophone Sweden",0.628,0.994,9,-4.352,0,0.0357,0.000461,0.47,0.0675,0.838,134.061,4
spotify:track:7DFNE7NO0raLIUbgzY2rzm,"Let Her Go","All The Little Lights","Passenger",2012-11-05,252866,4,false,jd0b7ordx7wxotdeb3uohqwyc,2023-04-22T14:36:40Z,"folk pop","Sony Music Entertainment",0.509,0.538,7,-7.335,1,0.0572,0.385,0,0.104,0.244,75.089,4
spotify:track:2Lv9FudgITbthtKK1B5wxY,"Slå mig hårt i ansiktet","Fulkultur","Thomas Stenström",2014-10-08,211360,56,false,jd0b7ordx7wxotdeb3uohqwyc,2023-04-22T14:36:40Z,"swedish pop","Roxy Recordings",0.528,0.88,1,-6.155,1,0.0367,0.0548,0.000263,0.342,0.704,157.893,4
spotify:track:4GPe1qjQCvOIa8vLBKDI9d,"Breakfast At Tiffany's","11th Song","Deep Blue Something",1993,318400,0,false,jd0b7ordx7wxotdeb3uohqwyc,2023-04-22T14:36:40Z,"","Kirtland Records",0.467,0.483,2,-16.163,1,0.0409,0.0129,0.000718,0.0485,0.598,114.602,4
spotify:track:5BckPAYcKEJuYs1eV1BHHe,"Take A Chance On Me","The Album","ABBA",1977,243933,77,false,jd0b7ordx7wxotdeb3uohqwyc,2023-04-22T14:36:40Z,"","Polar Music International AB",0.684,0.675,11,-8.123,1,0.0257,0.163,0,0.242,0.924,107.064,4
spotify:track:4539Tbm6Rt5BaNKXJJj9RH,"It's My Life","One Love","Dr. Alban",1992-05-04,239933,2,false,jd0b7ordx7wxotdeb3uohqwyc,2023-04-22T14:36:40Z,"eurodance","BMG Rights Management GmbH",0.655,0.933,7,-7.703,1,0.0536,0.00328,0.0358,0.0983,0.472,128.699,4
spotify:track:11X4Gw3T4hoktVruLgTnm1,"Heartbeats","Veneer","José González",2003-07-02,160240,0,false,jd0b7ordx7wxotdeb3uohqwyc,2023-04-22T14:36:40Z,"indie folk","Imperial",0.554,0.15,3,-16.746,1,0.0338,0.974,0.735,0.0698,0.314,87.956,4
spotify:track:20j7B6mL9gnNvG3ic6Vwh5,"Hate To Say I Told You So","Veni Vidi Vicious","The Hives",2000-09-12,200693,67,false,jd0b7ordx7wxotdeb3uohqwyc,2023-04-22T14:36:40Z,"garage rock","Burning Heart Records/Epitaph",0.459,0.931,5,-5.024,1,0.0612,0.00126,0.00881,0.412,0.419,135.826,4
spotify:track:5XMjXjwCkJVmk0AHm7z8IV,"Jerk It Out","Love For The Streets","Caesars",2002,195666,71,false,jd0b7ordx7wxotdeb3uohqwyc,2023-04-22T14:36:40Z,"","Parlophone Sweden",0.58,0.981,8,-2.603,0,0.06,0.0171,0.0000107,0.386,0.861,134.007,4
spotify:track:6AAg8xwJkN4EWVUkd6zSBI,"Someone New","There's Only Now (Bonus Version)","Eskobar;Heather Nova",2002-01-01,211560,46,false,jd0b7ordx7wxotdeb3uohqwyc,2023-04-22T14:36:40Z,"swedish pop","Universal Music AB",0.612,0.501,1,-7.394,1,0.0287,0.137,0,0.0904,0.528,109.989,4
spotify:track:3NOmPfz50ilXDHpstvLpP6,"I Give You the Morning","The Things I Notice Now","Tom Paxton",1969,169360,33,false,jd0b7ordx7wxotdeb3uohqwyc,2023-04-22T14:36:40Z,"folk,traditional folk,folk rock","Rhino/Elektra",0.615,0.102,7,-22.028,1,0.0456,0.899,0.00107,0.121,0.634,147.882,4
spotify:track:3lLh4EHR2PBdmBFrMDIIuC,"Tess","Bok med blanka sidor","Peter LeMarc",1995-01-01,216520,46,false,jd0b7ordx7wxotdeb3uohqwyc,2023-04-22T14:36:40Z,"swedish pop","Peter LeMarc",0.713,0.509,6,-8.063,1,0.0536,0.612,0.000525,0.233,0.629,92.758,4
spotify:track:07q0QVgO56EorrSGHC48y3,"I Was Made For Lovin' You","Dynasty","KISS",1979-03-23,271240,85,false,jd0b7ordx7wxotdeb3uohqwyc,2023-04-22T14:36:40Z,"glam rock,glam metal,hard rock,rock,classic rock","Casablanca Records",0.768,0.852,4,-6.215,1,0.038,0.214,0.0000736,0.0723,0.867,128.373,4
spotify:track:2E6W2xMHWCF9ZMNKLalsCf,"Bullet","The Face","Infinite Mass",2001-01-01,198120,43,true,jd0b7ordx7wxotdeb3uohqwyc,2023-04-22T14:36:40Z,"","Universal Music AB",0.743,0.919,10,-3.422,1,0.0363,0.0066,0.00322,0.0875,0.88,138.976,4
spotify:track:1Qrdlkgg9I4J7r3P4kZNwr,"Missing You","No Brakes","John Waite",1984-01-01,269760,72,false,jd0b7ordx7wxotdeb3uohqwyc,2023-04-22T14:36:40Z,"arena rock","Capitol Records",0.552,0.552,11,-9.736,0,0.0364,0.052,0,0.046,0.593,208.571,4
spotify:track:3zU9rdflI65tK4dkkNSp77,"Heroes (we could be)","Forever","Alesso;Tove Lo",2015-05-22,210013,74,false,jd0b7ordx7wxotdeb3uohqwyc,2023-04-22T14:36:40Z,"edm","Alesso / Def Jam",0.503,0.748,5,-4.124,1,0.0619,0.0305,0,0.343,0.356,125.896,4
spotify:track:1qIhCupn4tcJWCQWoomnv7,"Electric","Manic Panic","Leila K",1996-01-01,216440,44,false,jd0b7ordx7wxotdeb3uohqwyc,2023-04-22T14:36:40Z,"eurodance","Playground Music",0.639,0.937,8,-5.34,1,0.159,0.00624,0.000328,0.237,0.427,137.993,4
spotify:track:2Mpj1Ul5OFPyyP4wB62Rvi,"Survivor","Survivor","Destiny's Child",2001-05-01,254026,70,false,jd0b7ordx7wxotdeb3uohqwyc,2023-04-22T14:36:40Z,"","Columbia",0.514,0.911,1,-2.027,0,0.41,0.0559,0,0.775,0.619,161.109,4
spotify:track:4DqXylovNpwoJuIwGxtegd,"Stone Me Into The Groove","A Car Crash In The Blue","Atomic Swing",1993-01-01,243160,38,false,jd0b7ordx7wxotdeb3uohqwyc,2023-04-22T14:36:40Z,"swedish pop","Universal Music AB",0.444,0.963,5,-3.817,1,0.103,0.0142,0.0932,0.357,0.549,117.426,4
spotify:track:42sMlZ4fW4Q3hUAkEBvzei,"När hela världen står utanför","Jumper","Jumper",1996-03-19,252826,34,false,jd0b7ordx7wxotdeb3uohqwyc,2023-04-22T14:36:40Z,"swedish pop","WM Sweden",0.452,0.787,0,-5.732,1,0.0401,0.00136,0,0.232,0.43,128.258,4
spotify:track:0FEPq7gON5KivhwrsWN0gI,"Kick Out The Epic Motherf**ker","The Rules Of Dada","Dada Life",2012-01-01,202506,45,true,jd0b7ordx7wxotdeb3uohqwyc,2023-04-22T14:36:40Z,"big room,edm,electro house","Universal Music AB",0.392,0.879,4,-5.797,1,0.0593,0.00144,0.0018,0.322,0.23,127.943,4
spotify:track:0hHvlq1VgIGd2Y6Zclxd5V,"Believe","At The Rebels Room","Antiloop",2002-01-01,206053,45,false,jd0b7ordx7wxotdeb3uohqwyc,2023-04-22T14:36:40Z,"eurodance,trance","Universal Music AB",0.564,0.995,7,-5.026,0,0.0426,0.00985,0.944,0.147,0.281,136.011,4
spotify:track:0S8ibKBl3tjRmYbZhGHNhG,"Only You (And You Alone)","The Platters Golden Hits","The Platters",1986-01-01,156560,1,false,jd0b7ordx7wxotdeb3uohqwyc,2023-04-22T14:36:40Z,"doo-wop","Universal (MT)",0.34,0.308,3,-10.518,1,0.0284,0.935,0,0.135,0.336,79.923,4
spotify:track:2iXcvnD3d1gfLBum0cE5Eg,"Tutti Frutti","Here's Little Richard (Deluxe Edition)","Little Richard",1957-03,144226,65,false,jd0b7ordx7wxotdeb3uohqwyc,2023-04-22T14:36:40Z,"rockabilly,rock and roll,doo-wop,boogie-woogie","Craft Recordings",0.555,0.658,5,-3.866,1,0.0541,0.793,0,0.118,0.937,184.835,4
spotify:track:45Szkclj1lt4ubm7RFK68t,"Runaway","Runaway with Del Shannon","Del Shannon",1961-01-01,137306,64,false,jd0b7ordx7wxotdeb3uohqwyc,2023-04-22T14:36:40Z,"doo-wop","Mole Hole Records",0.594,0.533,10,-7.993,0,0.0438,0.153,0.0000149,0.172,0.729,78.552,4
spotify:track:1INWPr855fwWdAOeecbu0W,"Let's Twist Again","It's Pony Time/Let's Twist Again","Chubby Checker",1961-01-01,137360,69,false,jd0b7ordx7wxotdeb3uohqwyc,2023-04-22T14:36:40Z,"rock and roll","ABKCO (US)",0.604,0.709,8,-6.377,1,0.158,0.0987,0,0.0551,0.907,167.832,4
spotify:track:2x6pbpjVGjiWCcH89IK8AX,"Breaking Up Is Hard to Do","Circulate (Expanded Edition)","Neil Sedaka",1960-12-30,139200,56,false,jd0b7ordx7wxotdeb3uohqwyc,2023-04-22T14:36:40Z,"doo-wop,adult standards","RCA Victor/Legacy",0.743,0.799,8,-5.466,0,0.0375,0.699,0,0.0635,0.965,116.112,4
spotify:track:2qhASBzpbFhPRtrnZ5lLnz,"Unchained Melody","Just Once In My Life","The Righteous Brothers",1965-04-04,218013,78,false,jd0b7ordx7wxotdeb3uohqwyc,2023-04-22T14:36:40Z,"","Universal Records",0.339,0.208,0,-16.725,1,0.0308,0.396,0.000519,0.18,0.288,98.54,3
spotify:track:2PzU4IB8Dr6mxV3lHuaG34,"(I Can't Get No) Satisfaction - Mono","Out Of Our Heads","The Rolling Stones",1965-07-30,222813,77,false,jd0b7ordx7wxotdeb3uohqwyc,2023-04-22T14:36:40Z,"classic rock,rock","ABKCO Music and Records, Inc.",0.723,0.863,2,-7.89,1,0.0338,0.0383,0.0317,0.128,0.931,136.302,4
spotify:track:3z8h0TU7ReDPLIbEnYhWZb,"Bohemian Rhapsody","Bohemian Rhapsody (The Original Soundtrack)","Queen",2018-10-19,354947,76,false,jd0b7ordx7wxotdeb3uohqwyc,2023-04-22T14:36:40Z,"classic rock,rock,glam rock","EMI",0.39,0.395,0,-9.966,0,0.0501,0.288,0,0.207,0.247,144.32,4
spotify:track:28P5HAF0Kll9Xd9dX4qw7A,"Eye of the Tiger","Eye Of The Tiger","Survivor",1982,243773,65,false,jd0b7ordx7wxotdeb3uohqwyc,2023-04-22T14:36:40Z,"","Volcano",0.815,0.438,0,-14.522,0,0.0346,0.216,0.000466,0.0787,0.552,108.965,4
spotify:track:1tQ5TSr1tyeQUbHKBee0jv,"Here I Go Again","Whitesnake's Greatest Hits","Whitesnake",1994-07-04,232800,59,false,jd0b7ordx7wxotdeb3uohqwyc,2023-04-22T14:36:40Z,"glam metal,glam rock,hard rock","Parlophone UK",0.484,0.877,7,-5.434,1,0.0337,0.151,0.00017,0.14,0.687,92.975,4
spotify:track:4RvWPyQ5RL0ao9LPZeSouE,"Everybody Wants To Rule The World","Songs From The Big Chair (Super Deluxe Edition)","Tears For Fears",1985-02-25,251488,89,false,jd0b7ordx7wxotdeb3uohqwyc,2023-04-22T14:36:40Z,"new wave,synthpop","UMC (Universal Music Catalogue)",0.645,0.795,7,-12.095,1,0.0527,0.347,0.00389,0.104,0.535,112.067,4
spotify:track:0MBMYkcJKLE82U5mwRolXk,"Invisible Touch","Turn It On Again - The Hits","Genesis",1999-10-25,208066,0,false,jd0b7ordx7wxotdeb3uohqwyc,2023-04-22T14:36:40Z,"progressive rock,art rock","Virgin Catalogue",0.677,0.877,0,-5.327,1,0.0288,0.218,0.00394,0.12,0.868,131.042,4
spotify:track:21qnJAMtzC6S5SESuqQLEK,"Pump Up The Jam","Pump Up The Jam","Technotronic",1989-11-28,320306,73,false,jd0b7ordx7wxotdeb3uohqwyc,2023-04-22T14:36:40Z,"eurodance,hip house,dance","Universal Music S.A.",0.885,0.844,10,-9.225,0,0.0733,0.0147,0.00000449,0.0494,0.715,124.602,4
spotify:track:7eheoW4hxrH51ww2QePVwF,"Gonna Make You Sweat (Everybody Dance Now) (feat. Freedom Williams)","Super Hits","C & C Music Factory;Freedom Williams",2000-02-28,244093,69,false,jd0b7ordx7wxotdeb3uohqwyc,2023-04-22T14:36:40Z,"hip house","Columbia/Legacy",0.557,0.798,6,-7.405,1,0.0935,0.000851,0.665,0.183,0.793,112.117,4
spotify:track:1oTHteQbmJw15rPxPVXUTv,"Insane in the Brain","Black Sunday","Cypress Hill",1993-07-20,208266,73,true,jd0b7ordx7wxotdeb3uohqwyc,2023-04-22T14:36:40Z,"west coast hip hop,old school hip hop,rap rock,hip hop","Columbia",0.897,0.611,11,-10.489,1,0.211,0.0291,0.186,0.0894,0.769,102.304,4
spotify:track:2CdS3DRqWR5LAhy4hM5X9W,"Laid","Laid","James",1993,156666,69,false,jd0b7ordx7wxotdeb3uohqwyc,2023-04-22T14:36:40Z,"britpop,madchester","EMI",0.457,0.909,0,-9.451,1,0.0317,0.0016,0.000276,0.135,0.755,115.998,4
spotify:track:2fXKyAyPrEa24c6PJyqznF,"Common People - Full Length Version","Different Class","Pulp",1995-10-30,351626,68,false,jd0b7ordx7wxotdeb3uohqwyc,2023-04-22T14:36:40Z,"britpop,madchester","Universal-Island Records Ltd.",0.314,0.797,0,-9.026,1,0.038,0.0057,0.0000559,0.0718,0.569,145.393,4
spotify:track:3zgJHNEorjbLLThp6TiMhz,"800°","Kärlek och uppror","Ebba Grön",1981-01-01,227333,49,false,jd0b7ordx7wxotdeb3uohqwyc,2023-04-22T14:36:40Z,"punk,swedish pop","MNW Music AB",0.334,0.845,4,-12.563,1,0.0625,0.0285,0,0.179,0.352,169.503,4
spotify:track:4rvT5iZVOCJeXZrDvy6JFK,"What Can I Do","Talk on Corners","The Corrs;Tin Tin Out",1998-10-17,259466,60,false,jd0b7ordx7wxotdeb3uohqwyc,2023-04-22T14:36:40Z,"celtic rock","Atlantic Records",0.631,0.516,9,-7.514,1,0.035,0.336,0,0.0974,0.688,78,4
spotify:track:0gQtd0FQjuJSsuK2qHFYoF,"En del av mitt hjärta","Tillfälligheternas spel","Tomas Ledin",1990,284666,16,false,jd0b7ordx7wxotdeb3uohqwyc,2023-04-22T14:36:40Z,"swedish pop,dansband","Universal Music AB",0.764,0.473,2,-11.145,1,0.0333,0.248,0.0000159,0.328,0.397,98.148,4
spotify:track:1hEh8Hc9lBAFWUghHBsCel,"Porcelain","Play","Moby",1999-05-17,238920,2,false,jd0b7ordx7wxotdeb3uohqwyc,2023-04-22T14:36:40Z,"downtempo,trip hop","Mute, a BMG Company",0.515,0.613,0,-8.423,0,0.0305,0.00147,0.202,0.449,0.357,94.925,4
spotify:track:0b9djfiuDIMw1zKH6gV74g,"Somebody Like You","Golden Road","Keith Urban",2002-10-04,323040,69,false,jd0b7ordx7wxotdeb3uohqwyc,2023-04-22T14:36:40Z,"country","Capitol Nashville",0.625,0.84,4,-5.768,1,0.0337,0.109,0.000555,0.144,0.656,111.02,4
spotify:track:756CJtQRFSxEx9jV4P9hpA,"I Believe in a Thing Called Love","Permission to Land","The Darkness",2003-07-07,216453,72,false,jd0b7ordx7wxotdeb3uohqwyc,2023-04-22T14:36:40Z,"glam metal","Atlantic Records",0.453,0.892,4,-2.259,1,0.0781,0.0518,0.0000259,0.214,0.628,128.148,4
spotify:track:2T3jgoAMbBXiMMD8pSc6QL,"This Is The Life","This Is The Life (eDeluxe)","Amy Macdonald",2007-01-01,184413,79,false,jd0b7ordx7wxotdeb3uohqwyc,2023-04-22T14:36:40Z,"","EMI",0.628,0.882,1,-5.024,0,0.0323,0.259,0,0.065,0.853,95.083,4
spotify:track:70LrxJ5u19umvrXbC19g20,"Take Me To Church","Hozier (Special Edition)","Hozier",2014-09-19,241688,58,false,jd0b7ordx7wxotdeb3uohqwyc,2023-04-22T14:36:40Z,"","Universal-Island Records Ltd.",0.575,0.664,4,-5.303,0,0.0481,0.637,0,0.116,0.437,129.071,4
spotify:track:41Fflg7qHiVOD6dEPvsCzO,"Worth It (feat. Kid Ink)","Reflection (Deluxe)","Fifth Harmony;Kid Ink",2015-01-30,224573,78,false,jd0b7ordx7wxotdeb3uohqwyc,2023-04-22T14:36:40Z,"","Syco Music/Epic",0.884,0.765,8,-3.865,1,0.0882,0.063,0.00000704,0.118,0.594,99.987,4
spotify:track:09IStsImFySgyp0pIQdqAc,"The Middle","The Middle","Zedd;Maren Morris;Grey",2018-01-23,184732,79,false,jd0b7ordx7wxotdeb3uohqwyc,2023-04-22T14:36:40Z,"edm,country","UMGRI Interscope",0.753,0.657,7,-3.061,1,0.0449,0.171,0,0.112,0.437,107.01,4
spotify:track:23pZgY01lBlbwGyLIqZHt1,"Effortless","Homeward Bound","Sabina Ddumba",2016-10-28,180346,50,false,jd0b7ordx7wxotdeb3uohqwyc,2023-04-22T14:36:40Z,"swedish pop","WM Sweden",0.632,0.631,1,-5.181,1,0.0433,0.192,0,0.107,0.512,83.106,4
spotify:track:2qT1uLXPVPzGgFOx4jtEuo,"no tears left to cry","Sweetener","Ariana Grande",2018-08-17,205920,81,false,jd0b7ordx7wxotdeb3uohqwyc,2023-04-22T14:36:40Z,"pop","Republic Records",0.699,0.713,9,-5.507,0,0.0594,0.04,0.00000311,0.294,0.354,121.993,4
spotify:track:6tCLQ3LO1V9l6qdrrwdV6q,"My Silver Lining","Stay Gold","First Aid Kit",2014-06-03,215493,63,false,jd0b7ordx7wxotdeb3uohqwyc,2023-04-22T14:36:40Z,"indie folk,folk","Columbia",0.479,0.725,2,-4.671,1,0.0335,0.026,0.000129,0.209,0.43,101.938,4
spotify:track:3fH4KjXFYMmljxrcGrbPj9,"Don't You (Forget About Me)","Once Upon A Time (Super Deluxe)","Simple Minds",1985,263040,76,false,jd0b7ordx7wxotdeb3uohqwyc,2023-04-22T14:36:40Z,"new wave","UMC (Universal Music Catalogue)",0.66,0.816,2,-6.61,1,0.0299,0.168,0.0181,0.0608,0.678,111.346,4
spotify:track:0BxfFnk0YzONqvmrkO0QrB,"Don't Cha","PCD","The Pussycat Dolls;Busta Rhymes",2005-01-01,272080,75,false,jd0b7ordx7wxotdeb3uohqwyc,2023-04-22T14:36:40Z,"east coast hip hop","Pussycat Dolls",0.875,0.63,1,-3.475,1,0.0994,0.00546,0.00000247,0.127,0.548,120.016,4
spotify:track:0eqH0ALoDQevq59YcQ53KE,"Hollaback Girl","Love. Angel. Music. Baby.","Gwen Stefani",2004-11-12,199853,73,true,jd0b7ordx7wxotdeb3uohqwyc,2023-04-22T14:36:40Z,"","Interscope",0.926,0.916,10,-2.221,0,0.0929,0.35,0.00000601,0.0234,0.904,110.009,4
spotify:track:3EDS89HeAhHiZKlljciK0a,"Push The Button","Taller In More Ways","Sugababes",2005,218093,67,false,jd0b7ordx7wxotdeb3uohqwyc,2023-04-22T14:36:40Z,"","Universal-Island Records Ltd.",0.962,0.66,8,-5.096,1,0.061,0.0485,0,0.076,0.814,126.016,4
spotify:track:08bjJuoHJwfTnjNcuENOFz,"Gubben i lådan","Svart, vitt och allt däremellan","Daniel Adams-Ray",2010-01-01,230160,53,false,jd0b7ordx7wxotdeb3uohqwyc,2023-04-22T14:36:40Z,"swedish pop","Universal Music AB",0.467,0.622,10,-5.475,1,0.0263,0.00531,0,0.36,0.605,84.957,4
spotify:track:4Hhv2vrOTy89HFRcjU3QOx,"At Last","At Last!","Etta James",1960,179693,77,false,jd0b7ordx7wxotdeb3uohqwyc,2023-04-22T14:36:40Z,"soul,jazz blues,soul blues,blues,vocal jazz","Geffen*",0.274,0.348,5,-8.631,1,0.0293,0.547,0.0133,0.334,0.328,87.43,3
spotify:track:5rTZToEwovN6JEBcPps7Ph,"Sjösala vals","Evert Taube/Musik vi minns","Evert Taube",2003-01-01,177466,32,false,jd0b7ordx7wxotdeb3uohqwyc,2023-04-22T14:36:40Z,"","Universal Music AB",0.613,0.266,4,-14.411,1,0.0506,0.991,0.495,0.117,0.631,68.854,3
spotify:track:6HSXNV0b4M4cLJ7ljgVVeh,"Knockin' On Heaven's Door","Pat Garrett & Billy The Kid (Soundtrack From The Motion Picture)","Bob Dylan",1973-07-13,149880,83,false,jd0b7ordx7wxotdeb3uohqwyc,2023-04-22T14:36:40Z,"folk rock,folk,singer-songwriter,roots rock","Columbia/Legacy",0.513,0.396,7,-13.061,1,0.0299,0.251,0.177,0.11,0.229,140.208,4
spotify:track:1YYhDizHx7PnDhAhko6cDS,"Take Me Home, Country Roads - Original Version","Poems, Prayers and Promises","John Denver",1971,193937,77,false,jd0b7ordx7wxotdeb3uohqwyc,2023-04-22T14:36:40Z,"folk","RCA/Legacy",0.462,0.395,9,-9.376,1,0.0264,0.758,0,0.121,0.625,82.259,4
spotify:track:5QpaGzWp0hwB5faV8dkbAz,"Wherever You Will Go","Camino Palmero","The Calling",2001,208600,80,false,jd0b7ordx7wxotdeb3uohqwyc,2023-04-22T14:36:40Z,"pop rock","RCA Records Label",0.558,0.719,2,-5.113,1,0.0267,0.0367,0,0.115,0.371,112.027,4
spotify:track:2EM9zpAc7PVeoAydmbfVIL,"La Camisa Negra","Mi Sangre","Juanes",2004-01-01,216706,75,false,jd0b7ordx7wxotdeb3uohqwyc,2023-04-22T14:36:40Z,"latin pop,colombian pop,rock en español","National Own (UC)",0.751,0.731,6,-4.419,0,0.0308,0.0838,0,0.0556,0.973,97.007,4
spotify:track:1IWzfq3sLedGQ3fb2hAMBA,"Rhythm Is A Dancer","The Madman's Return","SNAP!",1992-01-01,332229,4,false,jd0b7ordx7wxotdeb3uohqwyc,2023-04-22T14:36:40Z,"eurodance","BMG Rights Management GmbH",0.757,0.651,9,-14.916,0,0.0333,0.214,0.261,0.0902,0.861,124.368,4
spotify:track:7zLGHdfJ3JRPxvc96mEPEi,"Out of Touch","The Very Best of Daryl Hall / John Oates","Daryl Hall & John Oates",2009-02-20,249573,67,false,jd0b7ordx7wxotdeb3uohqwyc,2023-04-22T14:36:40Z,"yacht rock,soft rock","RCA Records Label",0.806,0.649,9,-9.004,0,0.0347,0.0391,0.0000555,0.0557,0.897,114.834,4
spotify:track:70LcF31zb1H0PyJoS1Sx1r,"Creep","Pablo Honey","Radiohead",1993-02-22,238640,92,true,jd0b7ordx7wxotdeb3uohqwyc,2023-04-22T14:36:40Z,"art rock,alternative rock","XL Recordings",0.515,0.43,7,-9.935,1,0.0372,0.0097,0.000133,0.129,0.104,91.844,4
spotify:track:6ECp64rv50XVz93WvxXMGF,"This Love","Songs About Jane: 10th Anniversary Edition","Maroon 5",2002,206200,87,false,jd0b7ordx7wxotdeb3uohqwyc,2023-04-22T14:36:40Z,"pop","Interscope Records*",0.712,0.862,5,-4.612,0,0.0378,0.0525,0,0.093,0.809,95.051,4
spotify:track:4hrae8atte6cRlSC9a7VCO,"Always On Time","Pain Is Love","Ja Rule;Ashanti",2001-01-01,245133,3,true,jd0b7ordx7wxotdeb3uohqwyc,2023-04-22T14:36:40Z,"east coast hip hop,r&b","RAL (Rush Associated Label)",0.839,0.706,5,-6.104,0,0.199,0.208,0,0.242,0.839,96.673,4
spotify:track:1er4mjSaS1VGfMp23rzsCV,"Living Next Door to Alice","Sister Jane","New World",2020-02-21,224080,31,false,jd0b7ordx7wxotdeb3uohqwyc,2023-04-22T14:36:40Z,"","Warner Music Group - X5 Music Group",0.541,0.582,7,-7.39,1,0.036,0.327,0.00000131,0.162,0.527,128.513,4
spotify:track:3QHONiXGMGU3z68mQInncF,"I'll Be Missing You (feat. Faith Evans, 112)","Bad Boy's 10th Anniversary- The Hits","Diddy;Faith Evans;112",2004-03-09,301520,74,false,jd0b7ordx7wxotdeb3uohqwyc,2023-04-22T14:36:40Z,"hip hop,east coast hip hop,r&b","Bad Boy Records",0.862,0.479,7,-9.199,1,0.0645,0.0523,0.00126,0.589,0.924,109.877,4
spotify:track:6Nq5lE0CeOAAAqN4qhkbZU,"Suga Suga","Tha Smokin' Nephew","Baby Bash;Frankie J",2003-01-01,239026,74,false,jd0b7ordx7wxotdeb3uohqwyc,2023-04-22T14:36:40Z,"","Universal Records",0.662,0.748,5,-3.041,0,0.268,0.688,0.00000858,0.0841,0.535,82.331,4
spotify:track:6FRtjadDsEhZIQIlh1loEM,"To the Moon & Back","Savage Garden","Savage Garden",1997-03-04,341066,62,false,jd0b7ordx7wxotdeb3uohqwyc,2023-04-22T14:36:40Z,"","Sony Music Entertainment",0.584,0.76,0,-7.369,0,0.0359,0.0205,0.00000725,0.1,0.325,104.101,4
spotify:track:0KoovVK2RQkCMEkKGP50WF,"Gör mig lycklig nu","Himlen Gråter För Elmore James","Mats Ronander;Kim Larsen",1992-03-05,208159,37,false,jd0b7ordx7wxotdeb3uohqwyc,2023-04-22T14:36:40Z,"swedish pop,bisrock,dansk pop,dansktop","WM Sweden",0.695,0.909,9,-3.68,1,0.0266,0.00947,0.00219,0.148,0.836,124.988,4
spotify:track:2JzZzZUQj3Qff7wapcbKjc,"See You Again (feat. Charlie Puth)","See You Again (feat. Charlie Puth)","Wiz Khalifa;Charlie Puth",2015,229525,84,false,jd0b7ordx7wxotdeb3uohqwyc,2023-04-22T14:36:40Z,"rap,soft pop,pop","Atlantic Records",0.689,0.481,10,-7.503,1,0.0815,0.369,0.00000103,0.0649,0.283,80.025,4
spotify:track:3WkibOpDF7cQ5xntM1epyf,"It Wasn't Me","Hot Shot","Shaggy;Rik Rok",2000-08-08,227600,82,false,jd0b7ordx7wxotdeb3uohqwyc,2023-04-22T14:36:40Z,"reggae,dancehall,riddim,lovers rock,ragga","Geffen",0.853,0.606,0,-4.596,1,0.072,0.0561,0,0.313,0.653,94.753,4
spotify:track:78TVWUTtCC4WAhi0SRPxQK,"O Sole Mio","The Gramophone Classics, Vol. 1","Enrico Caruso",2011-10-24,212000,32,false,jd0b7ordx7wxotdeb3uohqwyc,2023-04-22T14:36:40Z,"opera,canzone napoletana","Uni-folk",0.233,0.37,7,-11.029,1,0.0454,0.991,0.0000566,0.679,0.205,84.488,4
spotify:track:3LtMBKsXoskeJhUvqMsgRh,"Ain't No Mountain High Enough","20th Century Masters: The Millennium Collection: The Best Of Marvin Gaye & Tammi Terrell","Marvin Gaye;Tammi Terrell",2000-04-11,149066,32,false,jd0b7ordx7wxotdeb3uohqwyc,2023-04-22T14:36:40Z,"motown,classic soul,soul,northern soul,quiet storm","UNI/MOTOWN",0.672,0.807,4,-7.574,0,0.063,0.277,0.00000119,0.147,0.78,129.257,4
spotify:track:66Bzmhj4cOinK5bxjx5DAK,"Release Me","A Song Inside My Head, A Demon In My Bed","Oh Laura",2007-05-23,184935,44,false,jd0b7ordx7wxotdeb3uohqwyc,2023-04-22T14:36:40Z,"swedish pop","Cosmos Records",0.644,0.334,8,-10.866,1,0.0299,0.717,0.0000471,0.114,0.286,120.126,4
spotify:track:21BYhl07wWqGRQaj7sUxdV,"Heroes","Perfectly Damaged","Måns Zelmerlöw",2015-06-03,190613,50,false,jd0b7ordx7wxotdeb3uohqwyc,2023-04-22T14:36:40Z,"","WM Sweden",0.484,0.791,7,-4.27,1,0.0437,0.0743,0,0.0491,0.369,124.008,4
spotify:track:63xdwScd1Ai1GigAwQxE8y,"Let's Stay Together","Let's Stay Together","Al Green",1972,199396,79,false,jd0b7ordx7wxotdeb3uohqwyc,2023-04-22T14:36:40Z,"soul,classic soul,motown,soul blues","Fat Possum",0.756,0.401,7,-10.702,0,0.0526,0.582,0.011,0.0541,0.514,101.954,4
spotify:track:5YLnfy7R2kueN0BRPkjiEG,"I'll Take You There","The Very Best Of The Staple Singers","The Staple Singers",2007-01-01,196826,63,false,jd0b7ordx7wxotdeb3uohqwyc,2023-04-22T14:36:40Z,"soul,motown,classic soul","Stax",0.846,0.595,0,-8.372,1,0.0439,0.0904,0.00000196,0.063,0.78,101.632,4
spotify:track:3zBhihYUHBmGd2bcQIobrF,"(Sittin' On) the Dock of the Bay","The Dock of the Bay (Mono)","Otis Redding",1968,163755,78,false,jd0b7ordx7wxotdeb3uohqwyc,2023-04-22T14:36:40Z,"motown,soul,classic soul,soul blues","Rhino Atlantic",0.768,0.367,2,-11.226,1,0.0315,0.683,0.0000179,0.081,0.532,103.621,4
spotify:track:0NpvdCO506uO58D4AbKzki,"Sherry","The Very Best of Frankie Valli & The 4 Seasons","Frankie Valli & The Four Seasons",2003-01-14,152160,52,false,jd0b7ordx7wxotdeb3uohqwyc,2023-04-22T14:36:40Z,"doo-wop,northern soul,motown","Rhino",0.703,0.478,7,-8.062,1,0.0441,0.626,0,0.113,0.734,117.562,4
spotify:track:5X6VbizePQKSnt55YWWyGS,"The Lion Sleeps Tonight","Both Sides Now","The Tokens",1970-01-01,153653,55,false,jd0b7ordx7wxotdeb3uohqwyc,2023-04-22T14:36:40Z,"doo-wop","Buddah/Legacy",0.551,0.362,5,-13.443,1,0.0388,0.654,0.000264,0.126,0.865,125.865,4
spotify:track:5uES1C2NgkdrNHiCwf9jRr,"Baby Love","Where Did Our Love Go","The Supremes",1964-08-31,158040,66,false,jd0b7ordx7wxotdeb3uohqwyc,2023-04-22T14:36:40Z,"motown,northern soul,classic soul,soul","Motown",0.595,0.643,5,-9.275,1,0.0365,0.757,0,0.538,0.731,135.633,4
spotify:track:3VgrSJEKBRT3xmwzpaxxEF,"(Love Is Like A) Heat Wave","Heat Wave","Martha Reeves & The Vandellas",1963,163053,57,false,jd0b7ordx7wxotdeb3uohqwyc,2023-04-22T14:36:40Z,"motown,northern soul,classic soul,soul","UNI/MOTOWN",0.514,0.624,0,-9.287,0,0.0842,0.513,0.00517,0.307,0.755,166.726,4
spotify:track:5ElGiMyHp9S4jC1XTuTwzG,"When All The Saints Come Marching In (Take 2)","Paramount Jubilee Singers & Taskiana Four (1923-1928)","Paramount Jubilee Singers",2005-06-28,189283,6,false,jd0b7ordx7wxotdeb3uohqwyc,2023-04-22T14:36:40Z,"","Document Records",0.373,0.219,0,-16.645,0,0.0333,0.996,0.109,0.316,0.369,80.188,4
spotify:track:5ubvP9oKmxLUVq506fgLhk,"Stayin Alive","How Can You Mend A Broken Heart","Bee Gees",2020-12-11,285373,74,false,jd0b7ordx7wxotdeb3uohqwyc,2023-04-22T14:36:40Z,"disco","UME - Global Clearing House",0.702,0.773,10,-9.256,0,0.0343,0.0288,0.00871,0.147,0.953,103.564,4
spotify:track:1cx7kDfiHlvQWwPRNxQrfQ,"No One Dies From Love","Dirt Femme","Tove Lo",2022-10-14,186018,0,false,jd0b7ordx7wxotdeb3uohqwyc,2023-04-22T14:36:40Z,"","Pretty Swede Records / mtheory",0.653,0.805,0,-6.629,1,0.0569,0.0726,0,0.273,0.351,121.097,4
spotify:track:5Ls1Ir6Vl5frICvnH4nVRH,"Giftig","Känslan kommer tillbaks","Mange Schmidt",2007-01-01,229906,30,false,jd0b7ordx7wxotdeb3uohqwyc,2023-04-22T14:36:40Z,"swedish pop","Mange Schmidt",0.793,0.758,1,-4.342,1,0.191,0.0322,0,0.08,0.702,98.309,4
spotify:track:1qCQTy0fTXerET4x8VHyr9,"What A Wonderful World","What A Wonderful World","Louis Armstrong",1968,137520,1,false,jd0b7ordx7wxotdeb3uohqwyc,2023-04-22T14:36:40Z,"jazz,swing music,vocal jazz,big band,jazz blues","Geffen*",0.399,0.258,5,-16.028,1,0.033,0.792,0.00000186,0.128,0.192,108.174,3
spotify:track:6qUEOWqOzu1rLPUPQ1ECpx,"Walk This Way (feat. Aerosmith)","Raising Hell","Run–D.M.C.;Aerosmith",1986-05-15,310375,66,false,jd0b7ordx7wxotdeb3uohqwyc,2023-04-22T14:36:40Z,"old school hip hop,east coast hip hop,hip hop,classic rock,rock","Arista",0.761,0.711,9,-7.989,1,0.0604,0.0174,0.000101,0.0652,0.947,105.448,4
spotify:track:0eifvmNPHWaSh4IKNR4Xva,"To Be With You - 2021 Remastered","Lean Into It (30th Anniversary Edition)","Mr. Big",1991,208080,70,false,jd0b7ordx7wxotdeb3uohqwyc,2023-04-22T14:36:40Z,"glam metal","evoxs",0.688,0.284,4,-13.577,1,0.0574,0.359,0,0.127,0.482,83.433,4
spotify:track:5Hroj5K7vLpIG4FNCRIjbP,"Best Day Of My Life","Oh, What A Life","American Authors",2014-01-01,194240,79,false,jd0b7ordx7wxotdeb3uohqwyc,2023-04-22T14:36:40Z,"","Island Records",0.673,0.902,2,-2.392,1,0.0346,0.0591,0.000227,0.0558,0.536,100.012,4
spotify:track:7nm8w9dMwTjlWDosdnxBSn,"Video Killed The Radio Star - Single Version","Video Killed The Radio Star / Kid Dynamo","The Buggles",2009-01-01,197906,56,false,jd0b7ordx7wxotdeb3uohqwyc,2023-04-22T14:36:40Z,"","Universal Music Group International",0.742,0.788,1,-10.803,1,0.0669,0.0862,0.00768,0.292,0.514,130.849,4
spotify:track:7FXj7Qg3YorUxdrzvrcY25,"Fly Me To The Moon - 2008 Remastered","Nothing But The Best (2008 Remastered)","Frank Sinatra;Count Basie",2008-05-13,147520,68,false,jd0b7ordx7wxotdeb3uohqwyc,2023-04-22T14:36:40Z,"christmas,big band,adult standards,swing music,jazz,vocal jazz","FRANK SINATRA DIGITAL REPRISE",0.62,0.298,4,-12.269,0,0.0594,0.545,0.00000233,0.0797,0.375,119.763,4
spotify:track:0UOxp1BpnD8uPQMKU4wKjz,"I Shot The Sheriff","461 Ocean Blvd. (Deluxe Edition)","Eric Clapton",1974-07-01,263746,66,false,jd0b7ordx7wxotdeb3uohqwyc,2023-04-22T14:36:40Z,"blues,blues rock,classic rock","Polydor",0.73,0.639,7,-11.025,0,0.0524,0.0853,0.00221,0.102,0.658,94.395,4
spotify:track:5vd1QZ0tdXOExiegC55IAS,"Heart Of Gold","Eat, Pray, Love","Neil Young",2010-01-01,188440,57,false,jd0b7ordx7wxotdeb3uohqwyc,2023-04-22T14:36:40Z,"classic rock,folk rock,singer-songwriter,roots rock","Universal-Island Records Ltd.",0.55,0.525,7,-8.754,1,0.0275,0.288,0.0172,0.106,0.806,171.172,4
spotify:track:6RtPijgfPKROxEzTHNRiDp,"Rude","Don't Kill the Magic","MAGIC!",2014-06-25,224849,85,false,jd0b7ordx7wxotdeb3uohqwyc,2023-04-22T14:36:40Z,"","Latium Records/RCA Records",0.773,0.758,1,-4.993,1,0.0381,0.0422,0,0.305,0.925,144.033,4
spotify:track:5vYA1mW9g2Coh1HUFUSmlb,"3AM","Yourself or Someone Like You","Matchbox Twenty",1996-10-01,225946,73,false,jd0b7ordx7wxotdeb3uohqwyc,2023-04-22T14:36:40Z,"post-grunge","Lava/Atlantic",0.521,0.673,8,-8.685,1,0.0284,0.00573,0,0.12,0.543,108.031,4
spotify:track:3AC8WrZdwW6bycdNtm15fD,"How Will I Know (Who You Are)","Jessica","Jessica Folcker",1998-11-19,216440,49,false,jd0b7ordx7wxotdeb3uohqwyc,2023-04-22T14:36:40Z,"","Sony Music UK",0.495,0.72,5,-6.716,1,0.0328,0.362,0,0.0986,0.511,203.805,4
spotify:track:2hKdd3qO7cWr2Jo0Bcs0MA,"Drops of Jupiter (Tell Me)","Drops Of Jupiter","Train",2001-03-27,259933,83,false,jd0b7ordx7wxotdeb3uohqwyc,2023-04-22T14:36:40Z,"soft pop","Columbia/Legacy",0.481,0.638,0,-5.862,1,0.0276,0.153,0,0.154,0.497,79.064,4
spotify:track:0DaOFUhUEc416QdUaW9paE,"Absolutely Everybody","The Power (15 Year Anniversary Re-issue)","Vanessa Amorosi",2000-04-03,224600,52,false,jd0b7ordx7wxotdeb3uohqwyc,2023-04-22T14:36:40Z,"","CBK Productions",0.67,0.955,1,-4.979,1,0.0858,0.289,0,0.124,0.857,122.975,4
spotify:track:6mhw2fEPH4fMF0wolNm96e,"Macarena","Hits Of The 90s","Los Del Rio",2002-05-20,222626,68,false,jd0b7ordx7wxotdeb3uohqwyc,2023-04-22T14:36:40Z,"","RCA Camden",0.739,0.888,8,-7.16,0,0.0576,0.199,0,0.0704,0.955,103.186,4
spotify:track:5OwH2YXbDrU5HOIyZDRFtg,"Oh boy","Bästa","Peps Persson",2004-01-01,243026,41,false,jd0b7ordx7wxotdeb3uohqwyc,2023-04-22T14:36:40Z,"swedish pop","Universal Music AB",0.86,0.828,10,-4.245,1,0.0849,0.197,0,0.161,0.96,112.542,4
spotify:track:1AfdWCYXaJHzHWsgGVkjhe,"Mister Cool","Vi vet inte vart vi ska men vi ska komma dit","Snook",2004-01-01,187320,54,false,jd0b7ordx7wxotdeb3uohqwyc,2023-04-22T14:36:40Z,"swedish pop","MNW Music AB",0.747,0.877,7,-3.14,1,0.0744,0.0481,0,0.126,0.749,126.505,4
spotify:track:0WGn8xhpPumX73lECUY5Yo,"Everybody Get Up - Radio Edit","Let's Dance","Five",2001-01-16,183733,56,false,jd0b7ordx7wxotdeb3uohqwyc,2023-04-22T14:36:40Z,"","RCA Camden",0.724,0.867,0,-5.913,1,0.08,0.00145,0,0.135,0.681,96.015,4
spotify:track:4vfzROmNsxedKICcHod5Rh,"Here Comes the Hotstepper","On Your 90's Radio","iNi Kamoze",2001-01-01,244813,54,false,jd0b7ordx7wxotdeb3uohqwyc,2023-04-22T14:36:40Z,"reggae,roots reggae","Columbia",0.852,0.537,7,-7.424,1,0.114,0.0328,0.000248,0.229,0.483,100.369,4
spotify:track:1SssFw74DdHVjRa6ADggdD,"Sweat (A La La La La Long)","Blazzin' Fire","Inner Circle",2010-12-14,227067,3,false,jd0b7ordx7wxotdeb3uohqwyc,2023-04-22T14:36:40Z,"reggae,roots reggae","DubShot Records/Sound Bwoy Entertainment",0.787,0.728,0,-7.705,1,0.218,0.0124,0,0.157,0.94,173.026,4
spotify:track:1DIXPcTDzTj8ZMHt3PDt8p,"Gangsta's Paradise","Gangsta's Paradise","Coolio;L.V.",1995-11-07,240693,87,false,jd0b7ordx7wxotdeb3uohqwyc,2023-04-22T14:36:40Z,"west coast hip hop,g-funk","Tommy Boy Music, LLC",0.647,0.514,8,-10.05,1,0.0593,0.0655,0,0.398,0.386,79.975,4
spotify:track:7FkyQsWH9mmxoYLCNj4f8y,"Fire Water Burn","One Fierce Beer Coaster","Bloodhound Gang",1996-01-01,291800,60,true,jd0b7ordx7wxotdeb3uohqwyc,2023-04-22T14:36:40Z,"","Geffen",0.687,0.565,7,-9.613,1,0.0316,0.0682,0.599,0.101,0.613,97.084,4
spotify:track:37Q5anxoGWYdRsyeXkkNoI,"Heaven Is A Place On Earth","Greatest Vol.1 - Belinda Carlisle","Belinda Carlisle",1987,246520,19,false,jd0b7ordx7wxotdeb3uohqwyc,2023-04-22T14:36:40Z,"","Crimson",0.64,0.852,1,-8.119,0,0.0345,0.0243,0.00000182,0.0497,0.793,122.902,4
spotify:track:4uOKFydzAejjSFqYbv1XPt,"Red Red Wine","The Very Best Of","UB40",2000,183733,73,false,jd0b7ordx7wxotdeb3uohqwyc,2023-04-22T14:36:40Z,"reggae","Virgin Records",0.857,0.468,1,-8.53,1,0.0476,0.00414,0.0000132,0.269,0.843,89.119,4
spotify:track:0qi4b1l0eT3jpzeNHeFXDT,"Just Can't Get Enough","Speak and Spell (Deluxe)","Depeche Mode",1981-11-02,220893,75,false,jd0b7ordx7wxotdeb3uohqwyc,2023-04-22T14:36:40Z,"new wave,synthpop,darkwave","Venusnote Ltd.",0.766,0.772,0,-9.362,1,0.0353,0.403,0.0584,0.183,0.919,128.168,4
spotify:track:3yrSvpt2l1xhsV9Em88Pul,"Brown Eyed Girl","Blowin' Your Mind!","Van Morrison",1967-09,183306,40,false,jd0b7ordx7wxotdeb3uohqwyc,2023-04-22T14:36:40Z,"","Columbia/Legacy",0.491,0.583,7,-10.964,1,0.0376,0.185,0,0.406,0.908,150.566,4
spotify:track:5jWI1xNxABzDRFTnD2yp8L,"I Love to Love","I Love To Love - The Best Of","Tina Charles",1997-06-06,183693,59,false,jd0b7ordx7wxotdeb3uohqwyc,2023-04-22T14:36:40Z,"disco","Columbia",0.677,0.703,9,-9.344,1,0.0344,0.143,0.0000696,0.514,0.962,99.419,4
spotify:track:1k1Bqnv2R0uJXQN4u6LKYt,"Ain't No Sunshine","Just As I Am","Bill Withers",1971-05-01,126458,83,false,jd0b7ordx7wxotdeb3uohqwyc,2023-04-22T14:36:40Z,"soul","Columbia/Legacy",0.527,0.415,4,-11.451,0,0.122,0.457,0.0000172,0.117,0.515,78.169,4
spotify:track:6iXQrhhgBisdfvS34EMTZ3,"Mandy","Barry Manilow II","Barry Manilow",1974,213333,67,false,jd0b7ordx7wxotdeb3uohqwyc,2023-04-22T14:36:40Z,"yacht rock,adult standards","Arista/Legacy",0.308,0.464,10,-9.032,1,0.0279,0.418,0.00000249,0.143,0.318,103.734,4
spotify:track:6R89tPNfL4vkNF1u8Jh3MD,"Creep","Lambretta","Lambretta",2001-01-01,230066,32,false,jd0b7ordx7wxotdeb3uohqwyc,2023-04-22T14:36:40Z,"","Universal Music AB",0.499,0.805,3,-3.815,1,0.0408,0.0000412,0.155,0.151,0.437,124.63,4
spotify:track:1eOJAiCKFuMda0fPRvjcuc,"Hold My Hand","I Cry When I Laugh","Jess Glynne",2015,227343,66,false,jd0b7ordx7wxotdeb3uohqwyc,2023-04-22T14:36:40Z,"","Atlantic Records UK",0.65,0.823,0,-5.717,1,0.0289,0.00159,0,0.0776,0.432,123.018,4
spotify:track:1K3LRUEcUz5FMtPYyg0F45,"Ho Hey","The Lumineers (Deluxe Edition)","The Lumineers",2012,163133,6,false,jd0b7ordx7wxotdeb3uohqwyc,2023-04-22T14:36:40Z,"folk pop,indie folk","Decca (UMO)",0.682,0.471,0,-9.182,1,0.0302,0.768,0,0.0908,0.421,79.907,4
spotify:track:0D2VYiRlBv43asKUgieZaM,"Jubel - Radio Edit","Jubel (Radio Edit)","Klingande",2013-11-01,201626,49,false,jd0b7ordx7wxotdeb3uohqwyc,2023-04-22T14:36:40Z,"tropical house,deep house","Jive Epic",0.686,0.524,0,-7.251,1,0.0343,0.649,0.0569,0.14,0.0951,124.938,4
spotify:track:3ydfhgIZIc2j39NLIhpJpq,"Fuck You","The Lady Killer (Deluxe)","CeeLo Green",2010-11-09,223694,63,true,jd0b7ordx7wxotdeb3uohqwyc,2023-04-22T14:36:40Z,"","Radiculture/Elektra",0.693,0.879,0,-3.988,1,0.0578,0.193,0,0.124,0.753,127.457,4
spotify:track:4XPWKmy05Rcff6TLHNoNF8,"Ghost","Chapter One (Deluxe Version)","Ella Henderson",2014-10-13,213218,64,false,jd0b7ordx7wxotdeb3uohqwyc,2023-04-22T14:36:40Z,"","Syco Music",0.68,0.84,9,-3.823,1,0.0414,0.0457,0.00000866,0.143,0.468,104.975,4
spotify:track:6iKSKHgjyeDhD8iisd4PLL,"Mrs. Robinson","Forrest Gump - The Soundtrack","Simon & Garfunkel",2001-10-02,230733,51,false,jd0b7ordx7wxotdeb3uohqwyc,2023-04-22T14:36:40Z,"folk rock,folk","Epic/Legacy",0.608,0.513,6,-11.124,0,0.0467,0.793,0.0000139,0.107,0.796,91.946,4
spotify:track:3c8JemHol1XwFFruXQxjCO,"Everybody's Talkin'","Midnight Cowboy (Music From The Motion Picture)","Harry Nilsson",1969-01-01,152226,0,false,jd0b7ordx7wxotdeb3uohqwyc,2023-04-22T14:36:40Z,"baroque pop,singer-songwriter","EMI/EMI Records (USA)",0.496,0.368,4,-15.194,1,0.0338,0.46,0.0000754,0.311,0.628,128.331,4
spotify:track:18DfMhEx4ddoreHrvZDF6Q,"The Power of Love","The Power Of Love: The Best Of Jennifer Rush","Jennifer Rush",1995-07-24,268200,62,false,jd0b7ordx7wxotdeb3uohqwyc,2023-04-22T14:36:40Z,"","Columbia",0.521,0.654,8,-6.993,1,0.0401,0.452,0.0000612,0.0984,0.125,139.071,4
spotify:track:3AeicLnm55RqcXGBKYQolM,"King","Communion (Deluxe)","Olly Alexander (Years & Years)",2015-07-10,215360,74,false,jd0b7ordx7wxotdeb3uohqwyc,2023-04-22T14:36:40Z,"","Polydor Records",0.56,0.857,4,-4.145,0,0.0384,0.0594,0,0.381,0.432,119.975,4
spotify:track:4uBbgoKiRzcjgjVH6FqgTS,"Sarah","Mauro Scocco","Mauro Scocco",1988-11-01,270026,44,false,jd0b7ordx7wxotdeb3uohqwyc,2023-04-22T14:36:40Z,"swedish pop","Record Station",0.516,0.783,2,-11.577,1,0.0336,0.27,0.000638,0.0958,0.566,104.087,4
spotify:track:5XVjNRubJUW0iPhhSWpLCj,"Better Off Alone","Who Needs Guitars Anyway?","Alice Deejay",2000-10-01,214883,81,false,jd0b7ordx7wxotdeb3uohqwyc,2023-04-22T14:36:40Z,"eurodance,europop","Universal Music, a division of Universal International Music BV",0.671,0.882,8,-6.149,0,0.0552,0.00181,0.667,0.285,0.787,136.955,4
spotify:track:0FSlaiuv4eBrrjz05jpxz6,"Bra vibrationer","Bra vibrationer","Kikki Danielsson",1985,186453,45,false,jd0b7ordx7wxotdeb3uohqwyc,2023-04-22T14:36:40Z,"dansband,schlager","WM Sweden",0.467,0.779,0,-3.071,1,0.0336,0.455,0,0.176,0.749,191.287,4
spotify:track:7jGzYUZ2Bgg8BDfYlQRfn8,"Wild Thing","From Nowhere","The Troggs",1966-07-25,155333,61,false,jd0b7ordx7wxotdeb3uohqwyc,2023-04-22T14:36:40Z,"proto-punk","UMC (Universal Music Catalogue)",0.453,0.658,9,-13.472,1,0.0539,0.741,0.0288,0.135,0.761,203.871,4
spotify:track:2Qm5DrmotzWvqNM3JlcQYo,"Let's Dance","The Hits","Chris Montez",1962-01-01,149626,50,false,jd0b7ordx7wxotdeb3uohqwyc,2023-04-22T14:36:40Z,"","Monogram Records",0.751,0.83,1,-6.215,1,0.0951,0.212,0.00000794,0.0584,0.935,76.489,4
spotify:track:1mvZErZBp7WZT3HfGBykao,"Cry for You","Dancing Shoes","September",2007-03-08,209800,72,false,jd0b7ordx7wxotdeb3uohqwyc,2023-04-22T14:36:40Z,"swedish pop","Catchy Tunes",0.768,0.881,9,-3.988,1,0.0301,0.00133,0.000141,0.0551,0.961,130.016,4
spotify:track:36EWx5B78n8sSfpmtKrUUV,"She's Like the Wind (feat. Wendy Fraser)","Dirty Dancing: Anniversary Edition","Patrick Swayze;Wendy Fraser",2012-09-21,230866,58,false,jd0b7ordx7wxotdeb3uohqwyc,2023-04-22T14:36:40Z,"yacht rock","RCA/Legacy",0.596,0.457,4,-10.046,0,0.0283,0.313,0.0000243,0.118,0.207,124.993,4
spotify:track:3zav6yFIf58MYsvcv4jS1t,"I Can Jive","I Can Jive","Jerry Williams",1979-01-01,250760,41,false,jd0b7ordx7wxotdeb3uohqwyc,2023-04-22T14:36:40Z,"rockabilly,dansband,swedish pop","Universal Music AB",0.684,0.471,7,-11.617,1,0.0845,0.0281,0.00249,0.114,0.749,119.712,4
spotify:track:3iMLRCGHLQ135LtMjKLkO8,"Heartbreaker","Heartbreaker","Dionne Warwick",1982,258266,60,false,jd0b7ordx7wxotdeb3uohqwyc,2023-04-22T14:36:40Z,"","Legacy Recordings",0.671,0.514,1,-13.561,0,0.0239,0.0921,0.0000153,0.137,0.803,100.771,4
spotify:track:1pTGc8pwyo6xtgXBKCBcFn,"Woman in Love","Guilty","Barbra Streisand",1980-09-23,233400,69,false,jd0b7ordx7wxotdeb3uohqwyc,2023-04-22T14:36:40Z,"adult standards","Columbia",0.469,0.278,3,-16.311,0,0.028,0.248,0.000126,0.133,0.331,169.735,4
spotify:track:2gNAGt7gUiMkagkhIiDLPm,"Dansa Pausa","Dansa Pausa","Panetoz",2012-04-10,179000,43,false,jd0b7ordx7wxotdeb3uohqwyc,2023-04-22T14:36:40Z,"swedish pop","WM Sweden",0.811,0.863,0,-4.64,1,0.103,0.0503,0,0.309,0.644,121.971,4
spotify:track:0XvjOhwCnXXFOSlBbV9jPN,"Barbra Streisand - Radio Edit","Barbra Streisand","Duck Sauce",2010-10-15,196533,20,false,jd0b7ordx7wxotdeb3uohqwyc,2023-04-22T14:36:40Z,"disco house","disco:wax",0.769,0.922,1,-1.966,1,0.108,0.000939,0.197,0.233,0.506,127.965,4
spotify:track:5CQ30WqJwcep0pYcV4AMNc,"Stairway to Heaven - Remaster","Led Zeppelin IV (Deluxe Edition)","Led Zeppelin",1971-11-08,482830,81,false,jd0b7ordx7wxotdeb3uohqwyc,2023-04-22T14:36:40Z,"classic rock,rock,hard rock,rock and roll","Atlantic Records",0.338,0.34,9,-12.049,0,0.0339,0.58,0.0032,0.116,0.197,82.433,4
spotify:track:7rPzEczIS574IgPaiPieS3,"Another Brick In The Wall, Pt. 2 - 2011 Remastered Version","The Wall (Remastered)","Pink Floyd",1979-11-30,228586,6,false,jd0b7ordx7wxotdeb3uohqwyc,2023-04-22T14:36:40Z,"progressive rock,psychedelic rock,classic rock,art rock,rock","Pink Floyd Records",0.693,0.353,0,-17.852,1,0.0414,0.0704,0.00113,0.503,0.75,104.143,4
spotify:track:0pjgcw5stw4SEZ3cryVuZh,"Sofia dansar go-go","Aktuell Musik 23","Stefan Rüdén",2003-01-01,127626,35,false,jd0b7ordx7wxotdeb3uohqwyc,2023-04-22T14:36:40Z,"dansband","WM Sweden",0.583,0.917,8,-7.225,1,0.066,0.13,0,0.211,0.963,165.009,4
spotify:track:57bgtoPSgt236HzfBOd8kj,"Thunderstruck","The Razors Edge","AC/DC",1990-09-24,292333,87,false,jd0b7ordx7wxotdeb3uohqwyc,2023-04-22T14:36:40Z,"rock,hard rock,classic rock,rock and roll","Columbia",0.502,0.89,4,-5.175,1,0.0364,0.000147,0.0117,0.217,0.259,133.52,4
spotify:track:37ZJ0p5Jm13JPevGcx4SkF,"Livin' On A Prayer","Slippery When Wet","Bon Jovi",1986-08-16,249293,81,false,jd0b7ordx7wxotdeb3uohqwyc,2023-04-22T14:36:40Z,"glam metal,rock","Island Records",0.532,0.887,0,-3.757,1,0.0335,0.0778,0.000206,0.294,0.794,122.509,4
spotify:track:3XKIUb7HzIF1Vu9usunMzc,"Maria Maria (feat. The Product G&B)","Supernatural (Remastered)","Santana;The Product G&B",1999-06-15,261973,74,false,jd0b7ordx7wxotdeb3uohqwyc,2023-04-22T14:36:40Z,"","Columbia/Legacy",0.777,0.601,2,-5.931,1,0.126,0.0406,0.00201,0.0348,0.68,97.911,4
spotify:track:4fHDlIntTsRGSyTg5UYZYC,"Banana Boat (Day-O)","Calypso","Harry Belafonte",1956,189468,69,false,jd0b7ordx7wxotdeb3uohqwyc,2023-04-22T14:36:40Z,"calypso","RCA Records Label",0.797,0.105,1,-16.881,1,0.0969,0.885,0.000116,0.108,0.419,122.545,4
spotify:track:27AHAtAirQapVldIm4c9ZX,"Jump","Totally Krossed Out","Kris Kross",1992-03-17,195106,68,false,jd0b7ordx7wxotdeb3uohqwyc,2023-04-22T14:36:40Z,"","Ruffhouse/Columbia",0.749,0.745,2,-10.625,1,0.164,0.000501,0.00403,0.333,0.481,101.972,4
spotify:track:5Klo65Y9uouLjNVDV3pqh7,"Go West - 2003 Remaster","PopArt: The Hits","Pet Shop Boys",2003,304080,68,false,jd0b7ordx7wxotdeb3uohqwyc,2023-04-22T14:36:40Z,"synthpop,new wave","Parlophone UK",0.535,0.951,7,-5.859,1,0.0373,0.0174,0.00000961,0.345,0.444,120.72,4
spotify:track:4q2lRiodoQnyFO65watkse,"True","The Twelve Inch Mixes","Spandau Ballet",1986-06-30,365160,61,false,jd0b7ordx7wxotdeb3uohqwyc,2023-04-22T14:36:40Z,"new wave,synthpop","Parlophone UK",0.738,0.528,0,-9.746,1,0.0281,0.307,0.223,0.0733,0.415,97.39,4
spotify:track:5XcZRgJv3zMhTqCyESjQrF,"Poison","Trash","Alice Cooper",1989-07-25,269712,74,false,jd0b7ordx7wxotdeb3uohqwyc,2023-04-22T14:36:40Z,"glam rock,hard rock,glam metal,proto-punk,classic rock","Epic",0.28,0.908,2,-5.509,0,0.109,0.0327,0.00000885,0.18,0.26,118.698,4
spotify:track:3njweosKzGwLCGi7Mnwo8s,"Sjumilakliv","9 sanningar och en lögn","Martin Stenmarck",2006-01-01,286800,43,false,jd0b7ordx7wxotdeb3uohqwyc,2023-04-22T14:36:40Z,"swedish pop","Universal Music AB",0.546,0.868,2,-3.754,1,0.0299,0.00348,0.0344,0.294,0.322,110.011,4
spotify:track:1UzofFX5AkfTDnwjcBkM4J,"Whiskey in the Jar","The Best Of The Dubliners","The Dubliners",2002,178533,55,false,jd0b7ordx7wxotdeb3uohqwyc,2023-04-22T14:36:40Z,"celtic,sea shanties,celtic rock,celtic punk,folk","Epic/Legacy",0.551,0.834,0,-5.238,1,0.0467,0.795,0.148,0.309,0.661,108.145,4
spotify:track:3oyb7rNW30zWlB06jKE0j8,"Because You Loved Me","Chillout Pop inc. John Legend, Miley Cyrus & John Mayer","Céline Dion",2019-04-19,273066,24,false,jd0b7ordx7wxotdeb3uohqwyc,2023-04-22T14:36:40Z,"variété française","Legacy Recordings",0.611,0.507,1,-7.975,1,0.0305,0.304,0,0.107,0.175,119.92,4
spotify:track:3Nf8oGn1okobzjDcFCvT6n,"I'll Stand by You","Last of the Independents","Pretenders",1994-06-01,240760,75,false,jd0b7ordx7wxotdeb3uohqwyc,2023-04-22T14:36:40Z,"","Rhino/Warner Records",0.438,0.606,7,-6.549,1,0.0305,0.3,0.00000449,0.0754,0.266,133.822,4
spotify:track:7DnAm9FOTWE3cUvso43HhI,"Sweet but Psycho","Heaven & Hell","Ava Max",2020-09-18,187436,83,false,jd0b7ordx7wxotdeb3uohqwyc,2023-04-22T14:36:40Z,"","Atlantic Records",0.72,0.706,1,-4.719,1,0.0473,0.0684,0,0.166,0.62,133.002,4
spotify:track:3EPXxR3ImUwfayaurPi3cm,"Be Alright","Be Alright","Dean Lewis",2018-06-29,196373,75,true,jd0b7ordx7wxotdeb3uohqwyc,2023-04-22T14:36:40Z,"","Universal Music Australia Pty. Ltd.",0.553,0.586,11,-6.319,1,0.0362,0.697,0,0.0813,0.443,126.684,4
spotify:track:0qOnSQQF0yzuPWsXrQ9paz,"Stereo Hearts (feat. Adam Levine)","The Papercut Chronicles II","Gym Class Heroes;Adam Levine",2011-11-11,210960,84,false,jd0b7ordx7wxotdeb3uohqwyc,2023-04-22T14:36:40Z,"","Decaydance/Fueled By Ramen",0.646,0.795,9,-3.293,1,0.0976,0.0319,0,0.267,0.796,89.99,4
spotify:track:1hRFVIy9As8OVRk8B7CrD5,"When Love Takes Over (feat. Kelly Rowland)","One More Love","David Guetta;Kelly Rowland",2010-11-22,191000,60,false,jd0b7ordx7wxotdeb3uohqwyc,2023-04-22T14:36:40Z,"edm","Parlophone (France)",0.675,0.862,11,-4.614,1,0.0253,0.0165,0.000427,0.169,0.498,129.967,4
spotify:track:3RNUFPrfUVeOhd6wcKnf6z,"Brimful of Asha","Brimful of Asha","Cornershop",1997-08-18,247133,44,false,jd0b7ordx7wxotdeb3uohqwyc,2023-04-22T14:36:40Z,"britpop","Wiiija",0.828,0.834,9,-6.153,1,0.0334,0.474,0,0.0814,0.937,110.101,4
spotify:track:1EzrEOXmMH3G43AXT1y7pA,"I'm Yours","We Sing. We Dance. We Steal Things.","Jason Mraz",2008-05-12,242946,77,false,jd0b7ordx7wxotdeb3uohqwyc,2023-04-22T14:36:40Z,"soft pop,acoustic pop","Atlantic Records/ATG",0.703,0.444,11,-9.331,1,0.0417,0.559,0,0.0973,0.712,150.96,4
spotify:track:7dwJqwTXDtsrX1QLqb0o96,"What A Man","The Complete Stax / Volt Soul Singles, Vol. 2: 1968-1971","Linda Lyndell",1993-09-30,160373,54,false,jd0b7ordx7wxotdeb3uohqwyc,2023-04-22T14:36:40Z,"classic soul,northern soul,motown","Stax",0.584,0.713,7,-7.899,1,0.04,0.356,0.0797,0.197,0.899,173.806,4
spotify:track:4pW3aTX3kAmOaPJfc9UM12,"Express Yourself","Express Yourself","Charles Wright & The Watts 103rd Street Rhythm Band",1970,233613,60,false,jd0b7ordx7wxotdeb3uohqwyc,2023-04-22T14:36:40Z,"funk","Rhino/Warner Records",0.789,0.683,8,-8.835,1,0.086,0.48,0,0.35,0.882,92.311,4
spotify:track:52vLuv7YSkhX27eMg4wv2L,"Hej Monica","Hej Hej Skiva","Nic & The Family",2004-09-01,146760,38,false,jd0b7ordx7wxotdeb3uohqwyc,2023-04-22T14:36:40Z,"swedish pop","WM Sweden",0.744,0.768,1,-4.188,1,0.0532,0.0227,0,0.033,0.822,145.043,4
spotify:track:6brl7bwOHmGFkNw3MBqssT,"So Sick","In My Own Words","Ne-Yo",2006-01-01,207186,81,false,jd0b7ordx7wxotdeb3uohqwyc,2023-04-22T14:36:40Z,"","Def Soul",0.452,0.574,6,-8.336,1,0.311,0.245,0,0.189,0.578,92.795,4
spotify:track:1eOCyaSRBdFGofbLYjgGM2,"Woman","Man","Neneh Cherry",1996-01-01,270400,56,false,jd0b7ordx7wxotdeb3uohqwyc,2023-04-22T14:36:40Z,"","Circa",0.542,0.54,3,-8.888,0,0.0261,0.0901,0.0346,0.198,0.33,136.022,4
spotify:track:2NBQmPrOEEjA8VbeWOQGxO,"Drop It Like It's Hot","R&G (Rhythm & Gangsta): The Masterpiece","Snoop Dogg;Pharrell Williams",2004-01-01,266066,77,true,jd0b7ordx7wxotdeb3uohqwyc,2023-04-22T14:36:40Z,"g-funk,west coast hip hop,gangster rap,old school hip hop,hip hop,rap","Geffen",0.888,0.632,1,-3.872,1,0.219,0.19,0,0.101,0.662,91.979,4
spotify:track:7w87IxuO7BDcJ3YUqCyMTT,"Pumped Up Kicks","Torches","Foster The People",2011-05-23,239600,85,false,jd0b7ordx7wxotdeb3uohqwyc,2023-04-22T14:36:40Z,"","Columbia",0.733,0.71,5,-5.849,0,0.0292,0.145,0.115,0.0956,0.965,127.975,4
spotify:track:6zsk6uF3MxfIeHPlubKBvR,"Get Ur Freak On","Miss E... So Addictive","Missy Elliott",2001-05-14,211120,71,true,jd0b7ordx7wxotdeb3uohqwyc,2023-04-22T14:36:40Z,"hip hop","Atlantic Records/ATG",0.797,0.75,0,-9.369,1,0.247,0.533,0.108,0.095,0.74,177.87,4
spotify:track:5rb9QrpfcKFHM1EUbSIurX,"Yeah! (feat. Lil Jon & Ludacris)","Confessions (Expanded Edition)","USHER;Lil Jon;Ludacris",2004-03-23,250373,86,false,jd0b7ordx7wxotdeb3uohqwyc,2023-04-22T14:36:40Z,"r&b,crunk,southern hip hop","LaFace Records",0.894,0.791,2,-4.699,1,0.112,0.0183,0,0.0388,0.583,105.018,4
spotify:track:3MrWxJaD2AT0W9DjWF64Vm,"Come On Eileen","Too Rye Ay","Dexys Midnight Runners",1982-07-22,287306,78,false,jd0b7ordx7wxotdeb3uohqwyc,2023-04-22T14:36:40Z,"","Mercury Nashville",0.45,0.656,2,-7.049,1,0.0472,0.664,0.00000302,0.259,0.782,106.61,4
spotify:track:1ue7zm5TVVvmoQV8lK6K2H,"Pretty Girl","Pretty Girl","Maggie Lindemann",2016-09-30,219428,62,true,jd0b7ordx7wxotdeb3uohqwyc,2023-04-22T14:36:40Z,"","300 Entertainment",0.456,0.764,10,-3.584,1,0.148,0.298,0,0.229,0.383,124.971,5
spotify:track:1lkvpmrCaXK8QtliFDcHBO,"Bubbly","Coco","Colbie Caillat",2007-01-01,196226,72,false,jd0b7ordx7wxotdeb3uohqwyc,2023-04-22T14:36:40Z,"","Universal Records",0.688,0.477,9,-6.684,1,0.036,0.594,0,0.115,0.257,127.866,4
spotify:track:05fHQeRbCSjKVS6z0WbQKJ,"Every Time You Go Away - Radio Edit","From Time To Time - The Singles Collection","Paul Young",1991-09-07,267000,73,false,jd0b7ordx7wxotdeb3uohqwyc,2023-04-22T14:36:40Z,"","Columbia",0.572,0.721,5,-8.959,1,0.0402,0.187,0.00000741,0.216,0.844,164.252,4
spotify:track:6Z8R6UsFuGXGtiIxiD8ISb,"Safe And Sound","In A Tidal Wave Of Mystery (Deluxe Edition)","Capital Cities",2013,192789,13,false,jd0b7ordx7wxotdeb3uohqwyc,2023-04-22T14:36:40Z,"","Capital Cities",0.655,0.819,0,-4.852,1,0.0316,0.000176,0.00374,0.104,0.766,117.956,5
spotify:track:4dyx5SzxPPaD8xQIid5Wjj,"Young Folks","Writer's Block","Peter Bjorn and John",2006-01-01,276693,78,false,jd0b7ordx7wxotdeb3uohqwyc,2023-04-22T14:36:40Z,"indie","Universal Music AB",0.699,0.812,0,-6.005,1,0.0377,0.0164,0.000763,0.105,0.662,138.185,4
spotify:track:04aAxqtGp5pv12UXAg4pkq,"Centuries","American Beauty/American Psycho","Fall Out Boy",2015-01-16,228360,82,false,jd0b7ordx7wxotdeb3uohqwyc,2023-04-22T14:36:40Z,"emo,pop punk","Island Records",0.393,0.858,4,-2.868,0,0.0729,0.00359,0,0.102,0.56,176.042,4
spotify:track:1rqqCSm0Qe4I9rUvWncaom,"High Hopes","Pray for the Wicked","Panic! At The Disco",2018-06-22,190946,81,false,jd0b7ordx7wxotdeb3uohqwyc,2023-04-22T14:36:40Z,"emo","DCD2 / Fueled By Ramen",0.579,0.904,5,-2.729,1,0.0618,0.193,0,0.064,0.681,82.014,4
spotify:track:4jh9olf0OKCokpzxSyLeJx,"Toy Soldiers","Martika (Expanded Edition)","Martika",1988-06-01,287600,63,false,jd0b7ordx7wxotdeb3uohqwyc,2023-04-22T14:36:40Z,"","Columbia/Legacy",0.513,0.591,1,-6.407,0,0.0274,0.405,0,0.126,0.173,130.167,4
spotify:track:3dkIE8P7hvl3tHl9KSb6dA,"Non, je ne regrette rien","Eternelle","Édith Piaf",1987-10-31,142280,68,false,jd0b7ordx7wxotdeb3uohqwyc,2023-04-22T14:36:40Z,"chanson,variété française,french jazz","Parlophone (France)",0.382,0.354,7,-6.595,1,0.0289,0.858,0.00000311,0.168,0.435,87.018,4
spotify:track:4GUvOaJiYlvFTKXDEg3QR6,"What a Difference a Day Makes","Dinah Washington - The Great American Songbook","Dinah Washington",2011-08-09,152360,0,false,jd0b7ordx7wxotdeb3uohqwyc,2023-04-22T14:36:40Z,"vocal jazz,jazz,jazz blues","Warner Music Group - X5 Music Group",0.278,0.374,0,-8.453,1,0.0328,0.857,0.000224,0.279,0.239,165.385,3
spotify:track:2LEF1A8DOZ9wRYikWgVlZ8,"Good Feeling","Wild Ones","Flo Rida",2012-06-22,248133,80,false,jd0b7ordx7wxotdeb3uohqwyc,2023-04-22T14:36:40Z,"","Poe Boy/Atlantic",0.706,0.89,1,-4.444,0,0.0688,0.0588,0.00286,0.306,0.684,128.011,4
spotify:track:0GONea6G2XdnHWjNZd6zt3,"Summer Of '69","Reckless (30th Anniversary / Deluxe Edition)","Bryan Adams",1984-11-05,216053,83,false,jd0b7ordx7wxotdeb3uohqwyc,2023-04-22T14:36:40Z,"","A&M",0.509,0.834,2,-6.205,1,0.0386,0.0183,0,0.0732,0.774,139.13,4
spotify:track:3evG0BIqEFMMP7lVJh1cSf,"Don't Let Me Down - Remastered 2009","The Beatles 1967 - 1970 (Remastered)","The Beatles",1973-04-02,215733,74,false,jd0b7ordx7wxotdeb3uohqwyc,2023-04-22T14:36:40Z,"classic rock,psychedelic rock","EMI Catalogue",0.591,0.289,4,-11.049,1,0.026,0.568,0.000777,0.0928,0.733,76.391,4
spotify:track:3rmo8F54jFF8OgYsqTxm5d,"Bad Habits","=","Ed Sheeran",2021-10-25,230746,82,false,jd0b7ordx7wxotdeb3uohqwyc,2023-04-22T14:36:40Z,"soft pop","Atlantic Records UK",0.807,0.893,11,-3.745,0,0.0347,0.0451,0.0000279,0.366,0.537,126.011,4
spotify:track:6zSpb8dQRaw0M1dK8PBwQz,"Cold Heart - PNAU Remix","Cold Heart (PNAU Remix)","Elton John;Dua Lipa;PNAU",2021-08-13,202735,82,false,jd0b7ordx7wxotdeb3uohqwyc,2023-04-22T14:36:40Z,"pop","EMI",0.796,0.798,1,-6.312,1,0.0317,0.034,0.0000419,0.0952,0.942,116.032,4
spotify:track:4Dvkj6JhhA12EX05fT7y2e,"As It Was","Harry's House","Harry Styles",2022-05-20,167303,89,false,jd0b7ordx7wxotdeb3uohqwyc,2023-04-22T14:36:40Z,"","Columbia",0.52,0.731,6,-5.338,0,0.0557,0.342,0.00101,0.311,0.662,173.93,4
spotify:track:75FEaRjZTKLhTrFGsfMUXR,"Running Up That Hill (A Deal With God)","Hounds Of Love","Kate Bush",1985,298933,9,false,jd0b7ordx7wxotdeb3uohqwyc,2023-04-22T14:36:40Z,"art pop,baroque pop,art rock","Parlophone UK",0.629,0.547,10,-13.123,0,0.055,0.72,0.00314,0.0604,0.197,108.375,4
spotify:track:0wHFktze2PHC5jDt3B17DC,"First Class","Come Home The Kids Miss You","Jack Harlow",2022-05-06,173947,74,true,jd0b7ordx7wxotdeb3uohqwyc,2023-04-22T14:36:40Z,"","Generation Now/Atlantic",0.902,0.582,5,-5.902,0,0.109,0.111,0.00000318,0.111,0.332,107.005,4
spotify:track:0e7ipj03S05BNilyu5bRzt,"rockstar (feat. 21 Savage)","beerbongs & bentleys","Post Malone;21 Savage",2018-04-27,218146,82,true,jd0b7ordx7wxotdeb3uohqwyc,2023-04-22T14:36:40Z,"","Republic Records",0.585,0.52,5,-6.136,0,0.0713,0.124,0.0000775,0.131,0.129,159.798,4
spotify:track:1MntHPLU1T7a9W4tojbg8g,"Mercedes Benz","Pearl (Legacy Edition)","Janis Joplin",1971-01-11,107866,56,false,jd0b7ordx7wxotdeb3uohqwyc,2023-04-22T14:36:40Z,"classic rock,psychedelic rock,acid rock","Columbia/Legacy",0.704,0.106,0,-15.169,0,0.542,0.939,0,0.0674,0.521,86.763,4
spotify:track:1DzYDC7LD4dyKSp0AeLj63,"Kung för en dag","Uggla Box","Magnus Uggla",1977,197013,0,false,jd0b7ordx7wxotdeb3uohqwyc,2023-04-22T14:36:40Z,"swedish pop","Uggly Music",0.713,0.892,10,-5.66,1,0.0862,0.0433,0,0.109,0.956,158.015,4
spotify:track:52Zr0sinhWTCRrQhRRY4EP,"Dragostea din tei","DiscO-Zone","O-Zone",2004-02-23,215386,71,false,jd0b7ordx7wxotdeb3uohqwyc,2023-04-22T14:36:40Z,"europop,eurodance","Cat Music",0.802,0.966,0,-3.933,1,0.0424,0.18,0,0.0611,0.684,130.099,4
spotify:track:77vCn7iUHH8KAOqdOe1XjY,"I'm Outta Love","Not That Kind","Anastacia",2000-05-01,242960,59,false,jd0b7ordx7wxotdeb3uohqwyc,2023-04-22T14:36:40Z,"","Epic",0.759,0.712,10,-5.859,0,0.053,0.365,0,0.0989,0.652,119.439,4
spotify:track:1xNmF1Uep5OGutizZSbKvd,"One Of Us","Relish","Joan Osborne",1995-01-01,320466,69,false,jd0b7ordx7wxotdeb3uohqwyc,2023-04-22T14:36:40Z,"","Island Mercury",0.316,0.499,9,-7.899,1,0.0298,0.0108,0.0000181,0.126,0.403,174.782,4
spotify:track:1YGZyfvdgZxzipWoWYVKxi,"Kids In America","Kim Wilde","Kim Wilde",1981,205533,5,false,jd0b7ordx7wxotdeb3uohqwyc,2023-04-22T14:36:40Z,"","Cherry Red Records",0.557,0.782,4,-3.899,1,0.0475,0.0953,0.00000675,0.118,0.305,159.621,4
spotify:track:6ZLGthToczpvnL5Eoy6yrY,"Pure Shores","Saints & Sinners","All Saints",2000-08-16,268746,65,false,jd0b7ordx7wxotdeb3uohqwyc,2023-04-22T14:36:40Z,"","Rhino",0.631,0.664,6,-9.197,1,0.0242,0.0498,0.00042,0.0696,0.407,100.618,4
spotify:track:3RlsVPIIs5KFhLFhxZ4iDF,"Rockstar","All the Right Reasons (Walmart Exclusive Edition)","Nickelback",2005-09-26,252040,67,false,jd0b7ordx7wxotdeb3uohqwyc,2023-04-22T14:36:40Z,"post-grunge,rock","Roadrunner Records",0.616,0.91,0,-3.004,1,0.0386,0.0459,0,0.343,0.693,144.072,4
spotify:track:3y8pywLbRGC1x8oCDeTMyL,"Dressed For Success","Look Sharp! (Extended Version)","Roxette",1988-10-21,249840,0,false,jd0b7ordx7wxotdeb3uohqwyc,2023-04-22T14:36:40Z,"swedish pop","WM Sweden",0.744,0.67,5,-5.305,1,0.0298,0.0831,0,0.184,0.856,119.706,4
spotify:track:2fARVTvENb670WbTS57RqU,"Hang with Me","Body Talk, Pt.2","Robyn",2010-09-06,260806,51,false,jd0b7ordx7wxotdeb3uohqwyc,2023-04-22T14:36:40Z,"swedish pop","Konichiwa Records",0.666,0.77,7,-6.673,1,0.0336,0.0227,0.00281,0.111,0.268,114.996,4
spotify:track:5YbgcwHjQhdT1BYQ4rxWlD,"Don't Worry Be Happy","The Collection","Bobby McFerrin",1997-01-01,292400,67,false,jd0b7ordx7wxotdeb3uohqwyc,2023-04-22T14:36:40Z,"","EMI Gold",0.681,0.163,11,-22.597,1,0.165,0.881,0.0000762,0.0688,0.771,69.283,4
spotify:track:4650WGL6InVqP7YN5POqIz,"Party Rock Anthem","Sorry For Party Rocking","LMFAO;Lauren Bennett;GoonRock",2010-12-01,262146,63,false,jd0b7ordx7wxotdeb3uohqwyc,2023-04-22T14:36:40Z,"","Will I Am / A&M",0.75,0.736,5,-4.168,0,0.155,0.0202,0,0.265,0.355,130.011,4
spotify:track:5MoDQWMDMaAGDEiWsJfeCi,"Eternal Flame","The Essential Bangles","The Bangles;Susanna Hoffs",2004,238026,69,false,jd0b7ordx7wxotdeb3uohqwyc,2023-04-22T14:36:40Z,"jangle pop,power pop","Columbia",0.526,0.358,4,-7.239,0,0.0243,0.525,0,0.0942,0.399,78.989,3
spotify:track:48JrHJdke53Te8dQ9aWzvV,"The Rockafeller Skank","You've Come a Long Way Baby (10th Anniversary Edition)","Fatboy Slim",1998-10-19,413880,2,false,jd0b7ordx7wxotdeb3uohqwyc,2023-04-22T14:36:40Z,"big beat","Skint Records",0.666,0.992,7,-6.701,1,0.25,0.0111,0.00437,0.22,0.0806,152.589,4
spotify:track:5Nm9ERjJZ5oyfXZTECKmRt,"Stay With Me","In The Lonely Hour","Sam Smith",2014-05-26,172723,83,false,jd0b7ordx7wxotdeb3uohqwyc,2023-04-22T14:36:40Z,"soft pop","PLG - Capitol",0.413,0.42,0,-6.444,1,0.0416,0.588,0.0000639,0.11,0.185,84.126,4
spotify:track:4DX82Vc8qAH4jJPvKxvwg6,"Move Your Feet","D-D-Don't Don't Stop The Beat","Junior Senior",2002-04-03,181826,71,false,jd0b7ordx7wxotdeb3uohqwyc,2023-04-22T14:36:40Z,"","Crunchy Frog",0.747,0.904,9,-2.623,1,0.0803,0.046,0.106,0.203,0.846,118.877,4
spotify:track:7HTX5cE4qzHALfgO2xSvMd,"Ayo Technology","Acoustic Dance Sessions","Milow",2012,213640,48,false,jd0b7ordx7wxotdeb3uohqwyc,2023-04-22T14:36:40Z,"","Cloud 9 Music",0.778,0.661,11,-7.664,0,0.0347,0.653,0,0.103,0.747,128.052,4
spotify:track:2YWjW3wwQIBLNhxWKBQd16,"Lean On (feat. MØ & DJ Snake)","Peace Is The Mission : Extended","Major Lazer;MØ;DJ Snake",2015-11-27,176561,71,false,jd0b7ordx7wxotdeb3uohqwyc,2023-04-22T14:36:40Z,"moombahton","Third Pardee Records",0.723,0.809,7,-3.081,0,0.0625,0.00346,0.00123,0.565,0.274,98.007,4
spotify:track:7eJMfftS33KTjuF7lTsMCx,"death bed (coffee for your head)","death bed (coffee for your head)","Powfu;beabadoobee",2020-02-08,173333,82,false,jd0b7ordx7wxotdeb3uohqwyc,2023-04-22T14:36:40Z,"bedroom pop","Columbia",0.726,0.431,8,-8.765,0,0.135,0.731,0,0.696,0.348,144.026,4
spotify:track:3ia3dJETSOllPsv3LJkE35,"California Love - Original Version","Greatest Hits","2Pac;Roger;Dr. Dre",1998-01-01,284906,82,true,jd0b7ordx7wxotdeb3uohqwyc,2023-04-22T14:36:40Z,"old school hip hop,gangster rap,west coast hip hop,g-funk,hip hop,quiet storm,rap","2Pac Greatest Hits",0.763,0.85,7,-3.052,1,0.0417,0.0304,0.00000121,0.371,0.761,91.519,4
spotify:track:5oo4vVTG5tUERk5JO01wvU,"Trettifyran","34:an","Per Myrberg",1965,141760,36,false,jd0b7ordx7wxotdeb3uohqwyc,2023-04-22T14:36:40Z,"","WM Sweden",0.629,0.47,7,-9.923,1,0.107,0.693,0,0.173,0.92,93.699,4
spotify:track:3MrRksHupTVEQ7YbA0FsZK,"The Final Countdown","The Final Countdown (Expanded Edition)","Europe",1986,310333,78,false,jd0b7ordx7wxotdeb3uohqwyc,2023-04-22T14:36:40Z,"glam metal","Portrait/Epic/Legacy",0.529,0.843,6,-6.908,0,0.0616,0.0628,0.000827,0.0608,0.188,117.662,4
spotify:track:1CtAzw53AIXKjAemxy4b1j,"Beds Are Burning - Remastered","Diesel And Dust","Midnight Oil",1987-10-02,255680,75,false,jd0b7ordx7wxotdeb3uohqwyc,2023-04-22T14:36:40Z,"surf rock","Columbia",0.753,0.427,0,-11.112,1,0.0387,0.00787,0.00065,0.058,0.295,119.18,4
spotify:track:4N0fzRX3T7QkOecp3pkWpp,"With Or Without You","U218 Singles","U2",2006-01-01,296226,64,false,jd0b7ordx7wxotdeb3uohqwyc,2023-04-22T14:36:40Z,"rock","Universal-Island Records Ltd.",0.546,0.537,2,-7.44,1,0.0268,0.000135,0.287,0.125,0.0923,109.908,4
spotify:track:2kvg4AwMIstkygdQhfFfSf,"Calleth You, Cometh I","In Lust We Trust","The Ark",2002-08-26,272360,49,false,jd0b7ordx7wxotdeb3uohqwyc,2023-04-22T14:36:40Z,"swedish pop","Parlophone Sweden",0.399,0.866,7,-2.078,1,0.049,0.00399,0.000274,0.162,0.377,134.586,4
spotify:track:0qc4QlcCxVTGyShurEv1UU,"Post Malone (feat. RANI)","Magnets EP","Sam Feldt;RANI",2019-05-24,174444,64,false,jd0b7ordx7wxotdeb3uohqwyc,2023-04-22T14:36:40Z,"tropical house","Spinnin' Records",0.59,0.642,7,-3.87,1,0.122,0.0771,0,0.105,0.651,107.356,4
spotify:track:24LPjYUpC28ODnHNx25kqo,"Lilla fågel blå","Regn","Staffan Hellstrand",1993,283226,46,false,jd0b7ordx7wxotdeb3uohqwyc,2023-04-22T14:36:40Z,"swedish pop,bisrock","Parlophone Sweden",0.492,0.845,2,-6.614,1,0.0495,0.000157,0.0659,0.347,0.459,126.131,4
spotify:track:0fYVliAYKHuPmECRs1pbRf,"Renegades","VHS","X Ambassadors",2015-06-30,195200,76,false,jd0b7ordx7wxotdeb3uohqwyc,2023-04-22T14:36:40Z,"","Kid Ina Korner / Interscope",0.526,0.862,2,-6.003,1,0.0905,0.0144,0.0597,0.229,0.528,90.052,4
spotify:track:0nrRP2bk19rLc0orkWPQk2,"Wake Me Up","True","Avicii",2013-09-16,247426,86,false,jd0b7ordx7wxotdeb3uohqwyc,2023-04-22T14:36:40Z,"edm","Pophouse Entertainment Group",0.532,0.783,2,-5.697,1,0.0523,0.0038,0.0012,0.161,0.643,124.08,4
spotify:track:7kyMLaXepcGHIrsLqoiTB8,"Ooh Aah...Just a Little Bit - Motiv8 Radio Edit","Fresh","Gina G;Motiv8",1997-03-24,203120,52,false,jd0b7ordx7wxotdeb3uohqwyc,2023-04-22T14:36:40Z,"eurodance","WM UK",0.647,0.942,1,-7.101,1,0.0341,0.626,0.168,0.0411,0.937,130.978,4
spotify:track:5L8ta4ECl5zeA6bGqY7G38,"Sing, Sing, Sing","The Essential Benny Goodman","Benny Goodman",2007-05-22,520293,51,false,jd0b7ordx7wxotdeb3uohqwyc,2023-04-22T14:36:40Z,"big band,swing music,jazz,ragtime","Columbia/Legacy",0.62,0.67,2,-11.575,0,0.0591,0.853,0.896,0.156,0.295,113.492,4
spotify:track:0xljZqZHvXhVfse33fQ9bK,"Vem tänder stjärnorna","En blekt blondins hjärta","Eva Dahlgren",1991-09-12,243426,43,false,jd0b7ordx7wxotdeb3uohqwyc,2023-04-22T14:36:40Z,"swedish pop","Record Station",0.535,0.344,2,-18.016,1,0.0496,0.182,0.000888,0.0818,0.514,161.632,4
spotify:track:7xe3EQCvXnx6Q0zs41Y65n,"Great Balls of Fire","The Essential Jerry Lee Lewis [The Sun Sessions]","Jerry Lee Lewis",2013-05-10,111240,0,false,jd0b7ordx7wxotdeb3uohqwyc,2023-04-22T14:36:40Z,"rockabilly,rock and roll,boogie-woogie","RCA/Legacy",0.592,0.627,10,-10.14,1,0.0662,0.55,0,0.43,0.909,79.567,4
spotify:track:6AVErIh5UwMFMXc29iij9L,"Hello Muddah Hello Fadduh (A Letter from Camp Granada)","My Son, the Nut","Allan Sherman",2017-05-01,174653,25,false,jd0b7ordx7wxotdeb3uohqwyc,2023-04-22T14:36:40Z,"comedy","Curtain Call",0.619,0.409,9,-12.887,1,0.201,0.81,0,0.641,0.626,115.591,4
spotify:track:06hsdMbBxWGqBO0TV0Zrkf,"Cotton Eye Joe","Sex & Violins","Rednex",1994-08-12,194000,72,false,jd0b7ordx7wxotdeb3uohqwyc,2023-04-22T14:36:40Z,"","Muunshine Muusic",0.729,0.936,9,-7.536,1,0.0776,0.0129,0.000892,0.0367,0.598,131.986,4
